cudagraph_mode,batch_size,target_sm_clock,input_len,model_name,kv_cache_lens,iteration,sm_clock,delta_total_energy_mJ,decoding_tokens,during_time_iter,repeat_count,avg_power_saturated,energy_power_based_J,avg_gpu_util,avg_memory_util,avg_temperature
PIECEWISE,8,330,32,Qwen/Qwen3-8B_prefill-all,0,0,330,253258,4096,2.5285,16,105.70953846153847,267.28656800000005,100.0,7.0,34.0
PIECEWISE,8,330,32,Qwen/Qwen3-8B_prefill-all,0,1,330,273306,4096,2.5283,16,105.39761538461539,266.4767909769231,100.0,7.0,33.0
PIECEWISE,8,330,32,Qwen/Qwen3-8B_prefill-all,0,2,330,262910,4096,2.5273,16,105.3456153846154,266.23997376153847,100.0,7.0,33.0
FULL,8,330,32,Qwen/Qwen3-8B_decoding-all,32,0,330,216833,432,1.7745,54,120.63910000000001,214.07408295000002,100.0,27.0,32.0
FULL,8,330,32,Qwen/Qwen3-8B_decoding-all,32,1,330,217159,432,1.7738,54,120.9888,214.60993344,100.0,27.0,32.0
FULL,8,330,32,Qwen/Qwen3-8B_decoding-all,32,2,330,204768,432,1.7741,54,120.28500000000001,213.39761850000002,100.0,27.0,32.0
FULL,8,330,32,Qwen/Qwen3-8B_decoding-all,33,0,330,217005,432,1.7731,54,121.1404,214.79404323999998,100.0,27.0,32.0
FULL,8,330,32,Qwen/Qwen3-8B_decoding-all,33,1,330,205202,432,1.7744,54,120.6855,214.14435120000002,100.0,27.0,32.0
FULL,8,330,32,Qwen/Qwen3-8B_decoding-all,33,2,330,205083,432,1.7746,54,120.5886,213.99652956,100.0,27.0,32.0
FULL,8,330,32,Qwen/Qwen3-8B_decoding-all,34,0,330,204903,432,1.7723,54,120.81633333333333,214.12278756666666,100.0,27.0,31.11111111111111
FULL,8,330,32,Qwen/Qwen3-8B_decoding-all,34,1,330,204850,432,1.7715,54,120.232,212.99098800000002,100.0,27.0,31.0
FULL,8,330,32,Qwen/Qwen3-8B_decoding-all,34,2,330,204969,432,1.7724,54,120.36709999999998,213.33864803999995,100.0,27.0,31.0
FULL,8,330,32,Qwen/Qwen3-8B_decoding-all,35,0,330,205042,432,1.7718,54,120.67230000000002,213.80718114000004,100.0,27.0,31.0
FULL,8,330,32,Qwen/Qwen3-8B_decoding-all,35,1,330,204475,432,1.7723,54,120.53411111111112,213.62260512222224,100.0,27.0,31.0
FULL,8,330,32,Qwen/Qwen3-8B_decoding-all,35,2,330,216674,432,1.7725,54,120.43730000000001,213.47511425000002,100.0,27.0,31.0
PIECEWISE,8,630,32,Qwen/Qwen3-8B_prefill-all,0,0,630,381097,7936,2.6189,31,146.81785714285712,384.5012860714285,100.0,12.214285714285714,33.0
PIECEWISE,8,630,32,Qwen/Qwen3-8B_prefill-all,0,1,630,395876,7936,2.6185,31,146.8921428571429,384.6370760714287,100.0,12.285714285714286,33.0
PIECEWISE,8,630,32,Qwen/Qwen3-8B_prefill-all,0,2,630,367031,7936,2.6188,31,146.9306923076923,384.7820970153846,100.0,12.384615384615385,33.0
FULL,8,630,32,Qwen/Qwen3-8B_decoding-all,32,0,630,329000,816,2.1923,102,149.81418181818182,328.4376308,100.0,42.0,32.0
FULL,8,630,32,Qwen/Qwen3-8B_decoding-all,32,1,630,329256,816,2.1911,102,149.99258333333333,328.64874934166664,100.0,42.0,32.0
FULL,8,630,32,Qwen/Qwen3-8B_decoding-all,32,2,630,314588,816,2.1914,102,149.78136363636364,328.23088027272723,100.0,42.0,32.0
FULL,8,630,32,Qwen/Qwen3-8B_decoding-all,33,0,630,329248,816,2.1909,102,149.99824999999996,328.6311659249999,100.0,42.0,32.0
FULL,8,630,32,Qwen/Qwen3-8B_decoding-all,33,1,630,314610,816,2.1907,102,150.00354545454545,328.6127670272727,100.0,42.0,32.0
FULL,8,630,32,Qwen/Qwen3-8B_decoding-all,33,2,630,314504,816,2.1902,102,149.93590909090906,328.389628090909,100.0,42.0,32.0
FULL,8,630,32,Qwen/Qwen3-8B_decoding-all,34,0,630,329473,816,2.191,102,149.96572727272726,328.57490845454544,100.0,42.0,32.0
FULL,8,630,32,Qwen/Qwen3-8B_decoding-all,34,1,630,314924,816,2.1911,102,150.25572727272726,329.2253240272727,100.0,42.0,32.0
FULL,8,630,32,Qwen/Qwen3-8B_decoding-all,34,2,630,329460,816,2.1913,102,150.00383333333335,328.7033999833334,100.0,42.0,32.0
FULL,8,630,32,Qwen/Qwen3-8B_decoding-all,35,0,630,314782,816,2.1919,102,149.98690909090908,328.7563060363636,100.0,42.0,32.0
FULL,8,630,32,Qwen/Qwen3-8B_decoding-all,35,1,630,329539,816,2.1921,102,149.89725,328.589761725,100.0,42.0,32.0
FULL,8,630,32,Qwen/Qwen3-8B_decoding-all,35,2,630,329642,816,2.1916,102,149.97945454545453,328.6949725818182,100.0,42.0,32.0
PIECEWISE,8,930,32,Qwen/Qwen3-8B_prefill-all,0,0,930,488718,11520,2.6836,45,188.66664285714288,506.30580277142866,100.0,17.857142857142858,35.0
PIECEWISE,8,930,32,Qwen/Qwen3-8B_prefill-all,0,1,930,507906,11520,2.6816,45,188.98949999999996,506.7942431999999,100.0,18.0,35.0
PIECEWISE,8,930,32,Qwen/Qwen3-8B_prefill-all,0,2,930,507793,11520,2.6807,45,188.3547857142857,504.9226740642856,100.0,18.0,35.0
FULL,8,930,32,Qwen/Qwen3-8B_decoding-all,32,0,930,468543,1216,2.973,152,161.60419999999996,480.4492865999999,100.0,46.0,33.0
FULL,8,930,32,Qwen/Qwen3-8B_decoding-all,32,1,930,468183,1216,2.9729,152,161.4058,479.84330282,100.0,46.0,33.0
FULL,8,930,32,Qwen/Qwen3-8B_decoding-all,32,2,930,484157,1216,2.9729,152,161.93673333333336,481.4217145266668,100.0,46.0,33.0
FULL,8,930,32,Qwen/Qwen3-8B_decoding-all,33,0,930,468680,1216,2.9728,152,161.75073333333333,480.8525800533333,100.0,46.0,33.0
FULL,8,930,32,Qwen/Qwen3-8B_decoding-all,33,1,930,468742,1216,2.9726,152,161.61619999999996,480.4203161199999,100.0,46.0,33.0
FULL,8,930,32,Qwen/Qwen3-8B_decoding-all,33,2,930,468348,1216,2.9731,152,161.51913333333331,480.21253531333326,100.0,46.0,33.0
FULL,8,930,32,Qwen/Qwen3-8B_decoding-all,34,0,930,468767,1216,2.9731,152,161.75206666666665,480.90506940666666,100.0,46.0,33.0
FULL,8,930,32,Qwen/Qwen3-8B_decoding-all,34,1,930,484647,1216,2.9732,152,161.858,481.2362056,100.0,46.0,33.0
FULL,8,930,32,Qwen/Qwen3-8B_decoding-all,34,2,930,469073,1216,2.9727,152,161.82366666666667,481.0532139,100.0,46.0,33.0
FULL,8,930,32,Qwen/Qwen3-8B_decoding-all,35,0,930,484721,1216,2.973,152,161.9046,481.34237579999996,100.0,46.0,33.0
FULL,8,930,32,Qwen/Qwen3-8B_decoding-all,35,1,930,469198,1216,2.9734,152,161.88099999999997,481.3369653999999,100.0,46.0,33.0
FULL,8,930,32,Qwen/Qwen3-8B_decoding-all,35,2,930,469337,1216,2.9732,152,162.02966666666663,481.7466049333332,100.0,46.0,33.0
PIECEWISE,8,1230,32,Qwen/Qwen3-8B_prefill-all,0,0,1230,640581,15360,2.7045,60,237.52350000000004,642.3823057500001,100.0,23.0,37.92857142857143
PIECEWISE,8,1230,32,Qwen/Qwen3-8B_prefill-all,0,1,1230,641213,15360,2.7045,60,237.8665,643.3099492499999,100.0,23.0,38.0
PIECEWISE,8,1230,32,Qwen/Qwen3-8B_prefill-all,0,2,1230,619291,15360,2.7044,60,238.32492857142861,644.5259368285716,100.0,23.0,38.857142857142854
FULL,8,1230,32,Qwen/Qwen3-8B_decoding-all,32,0,1230,294344,808,1.6989,101,183.49344444444444,311.7370127666667,100.0,53.0,35.0
FULL,8,1230,32,Qwen/Qwen3-8B_decoding-all,32,1,1230,312318,808,1.699,101,184.22788888888888,313.0031832222222,100.0,53.0,35.0
FULL,8,1230,32,Qwen/Qwen3-8B_decoding-all,32,2,1230,312387,808,1.6993,101,184.15455555555556,312.93383625555555,100.0,53.0,35.0
FULL,8,1230,32,Qwen/Qwen3-8B_decoding-all,33,0,1230,294453,808,1.6987,101,183.9872222222222,312.5390943888888,100.0,53.0,35.0
FULL,8,1230,32,Qwen/Qwen3-8B_decoding-all,33,1,1230,312672,808,1.6987,101,184.13744444444444,312.7942768777778,100.0,53.0,35.0
FULL,8,1230,32,Qwen/Qwen3-8B_decoding-all,33,2,1230,312490,808,1.699,101,184.17999999999998,312.92181999999997,100.0,53.0,35.0
FULL,8,1230,32,Qwen/Qwen3-8B_decoding-all,34,0,1230,294519,808,1.6991,101,184.06644444444444,312.74729575555557,100.0,53.0,35.0
FULL,8,1230,32,Qwen/Qwen3-8B_decoding-all,34,1,1230,294476,808,1.699,101,183.71766666666664,312.13631566666663,100.0,53.0,35.0
FULL,8,1230,32,Qwen/Qwen3-8B_decoding-all,34,2,1230,294545,808,1.6993,101,184.03344444444443,312.7280321444444,100.0,53.0,35.0
FULL,8,1230,32,Qwen/Qwen3-8B_decoding-all,35,0,1230,312408,808,1.6992,101,184.4651111111111,313.4431168,100.0,53.0,35.0
FULL,8,1230,32,Qwen/Qwen3-8B_decoding-all,35,1,1230,294449,808,1.6988,101,183.97788888888888,312.54163764444445,100.0,53.0,35.0
FULL,8,1230,32,Qwen/Qwen3-8B_decoding-all,35,2,1230,312584,808,1.6989,101,184.29277777777781,313.09500016666675,100.0,53.0,35.0
PIECEWISE,8,1530,32,Qwen/Qwen3-8B_prefill-all,0,0,1515,858724,19200,2.755,75,318.2997857142858,876.9159096428574,100.0,29.0,42.0
PIECEWISE,8,1530,32,Qwen/Qwen3-8B_prefill-all,0,1,1515,860760,19200,2.7549,75,318.84521428571435,878.3866808357145,100.0,29.0,43.0
PIECEWISE,8,1530,32,Qwen/Qwen3-8B_prefill-all,0,2,1515,893227,19200,2.7547,75,319.21935714285706,879.3535631214284,100.0,29.0,44.0
FULL,8,1530,32,Qwen/Qwen3-8B_decoding-all,32,0,1530,359557,1000,1.7088,125,224.91700000000003,384.33816960000007,100.0,64.0,39.0
FULL,8,1530,32,Qwen/Qwen3-8B_decoding-all,32,1,1530,359622,1000,1.7088,125,224.79044444444446,384.1219114666667,100.0,64.0,39.0
FULL,8,1530,32,Qwen/Qwen3-8B_decoding-all,32,2,1530,381762,1000,1.7087,125,224.79011111111112,384.0988628555556,100.0,64.0,39.0
FULL,8,1530,32,Qwen/Qwen3-8B_decoding-all,33,0,1530,359796,1000,1.7089,125,224.8033333333333,384.1664163333333,100.0,64.0,39.0
FULL,8,1530,32,Qwen/Qwen3-8B_decoding-all,33,1,1530,381807,1000,1.7088,125,223.97133333333332,382.7222144,100.0,64.0,39.0
FULL,8,1530,32,Qwen/Qwen3-8B_decoding-all,33,2,1530,381836,1000,1.7087,125,224.90588888888888,384.29669234444447,100.0,64.0,39.0
FULL,8,1530,32,Qwen/Qwen3-8B_decoding-all,34,0,1530,381895,1000,1.7091,125,224.88544444444443,384.3517131,100.0,64.0,39.0
FULL,8,1530,32,Qwen/Qwen3-8B_decoding-all,34,1,1530,381659,1000,1.709,125,224.97644444444444,384.48474355555555,100.0,64.0,39.0
FULL,8,1530,32,Qwen/Qwen3-8B_decoding-all,34,2,1530,359732,1000,1.709,125,225.09544444444447,384.6881145555556,100.0,64.0,39.0
FULL,8,1530,32,Qwen/Qwen3-8B_decoding-all,35,0,1530,381704,1000,1.7089,125,224.98633333333333,384.47914503333334,100.0,64.0,39.0
FULL,8,1530,32,Qwen/Qwen3-8B_decoding-all,35,1,1530,360080,1000,1.7089,125,225.21866666666665,384.87617946666666,100.0,64.0,39.0
FULL,8,1530,32,Qwen/Qwen3-8B_decoding-all,35,2,1530,382297,1000,1.7092,125,224.3618888888889,383.4793404888889,100.0,64.0,39.0
PIECEWISE,8,1830,32,Qwen/Qwen3-8B_prefill-all,0,0,1795,992709,23040,2.8017,90,368.0578666666667,1031.18772504,100.0,33.0,46.0
PIECEWISE,8,1830,32,Qwen/Qwen3-8B_prefill-all,0,1,1800,1007127,23040,2.8002,90,360.2593333333333,1008.7981851999998,100.0,33.0,47.0
PIECEWISE,8,1830,32,Qwen/Qwen3-8B_prefill-all,0,2,1800,973974,23040,2.8001,90,361.0301333333333,1010.9204763466666,100.0,33.0,47.4
FULL,8,1830,32,Qwen/Qwen3-8B_decoding-all,32,0,1830,448897,1200,1.7517,150,264.4489,463.23513813,100.0,77.0,42.0
FULL,8,1830,32,Qwen/Qwen3-8B_decoding-all,32,1,1830,448725,1200,1.7516,150,264.4865555555556,463.2746507111112,100.0,77.0,42.0
FULL,8,1830,32,Qwen/Qwen3-8B_decoding-all,32,2,1830,449006,1200,1.7517,150,262.84577777777776,460.4269489333333,100.0,77.0,42.0
FULL,8,1830,32,Qwen/Qwen3-8B_decoding-all,33,0,1830,448933,1200,1.7518,150,263.0563333333334,460.82208473333344,100.0,77.0,42.0
FULL,8,1830,32,Qwen/Qwen3-8B_decoding-all,33,1,1830,449216,1200,1.7517,150,264.1412222222222,462.69617896666665,100.0,77.0,42.0
FULL,8,1830,32,Qwen/Qwen3-8B_decoding-all,33,2,1830,475354,1200,1.7515,150,264.31759999999997,462.95227639999996,100.0,77.0,42.0
FULL,8,1830,32,Qwen/Qwen3-8B_decoding-all,34,0,1830,449410,1200,1.7519,150,264.54470000000003,463.4558599300001,100.0,77.0,42.0
FULL,8,1830,32,Qwen/Qwen3-8B_decoding-all,34,1,1830,449498,1200,1.752,150,264.56511111111115,463.51807466666673,100.0,77.0,42.0
FULL,8,1830,32,Qwen/Qwen3-8B_decoding-all,34,2,1830,449624,1200,1.7518,150,264.7972222222222,463.87177388888887,100.0,77.0,42.0
FULL,8,1830,32,Qwen/Qwen3-8B_decoding-all,35,0,1830,449636,1200,1.752,150,264.41188888888894,463.2496293333334,100.0,77.0,42.0
FULL,8,1830,32,Qwen/Qwen3-8B_decoding-all,35,1,1830,448835,1200,1.7521,150,264.4519,463.34617399,100.0,77.0,42.0
FULL,8,1830,32,Qwen/Qwen3-8B_decoding-all,35,2,1830,448980,1200,1.7519,150,264.6174,463.58322305999997,100.0,77.0,42.0
PIECEWISE,8,2130,32,Qwen/Qwen3-8B_prefill-all,0,0,2062,1247116,26880,2.8558,105,445.9078666666667,1273.4236856266666,100.0,37.0,51.06666666666667
PIECEWISE,8,2130,32,Qwen/Qwen3-8B_prefill-all,0,1,2062,1250347,26880,2.8558,105,447.24140000000006,1277.23199012,100.0,37.0,52.53333333333333
PIECEWISE,8,2130,32,Qwen/Qwen3-8B_prefill-all,0,2,2062,1253099,26880,2.8561,105,448.29453333333333,1280.3740166533335,100.0,37.0,53.46666666666667
FULL,8,2130,32,Qwen/Qwen3-8B_decoding-all,32,0,2130,504736,1400,1.9275,175,280.7306,541.1082315,100.0,81.4,46.0
FULL,8,2130,32,Qwen/Qwen3-8B_decoding-all,32,1,2130,559523,1400,1.9275,175,280.3540909090909,540.3825102272727,100.0,81.45454545454545,45.09090909090909
FULL,8,2130,32,Qwen/Qwen3-8B_decoding-all,32,2,2130,559760,1400,1.9274,175,280.0458,539.76027492,100.0,82.0,45.0
FULL,8,2130,32,Qwen/Qwen3-8B_decoding-all,33,0,2130,532150,1400,1.9274,175,280.16949999999997,539.9986942999999,100.0,81.8,45.0
FULL,8,2130,32,Qwen/Qwen3-8B_decoding-all,33,1,2130,563862,1400,1.9262,175,296.15950000000004,570.4624289000001,100.0,82.0,45.0
FULL,8,2130,32,Qwen/Qwen3-8B_decoding-all,33,2,2130,564040,1400,1.9263,175,297.2293,572.5528005900001,100.0,82.0,45.0
FULL,8,2130,32,Qwen/Qwen3-8B_decoding-all,34,0,2130,563813,1400,1.9266,175,297.1776,572.54236416,100.0,82.0,45.0
FULL,8,2130,32,Qwen/Qwen3-8B_decoding-all,34,1,2130,563779,1400,1.9265,175,297.1909,572.53826885,100.0,82.0,45.0
FULL,8,2130,32,Qwen/Qwen3-8B_decoding-all,34,2,2130,534621,1400,1.9265,175,297.3539,572.8522883500001,100.0,82.0,45.0
FULL,8,2130,32,Qwen/Qwen3-8B_decoding-all,35,0,2130,563556,1400,1.9265,175,297.23409090909087,572.6214761363636,100.0,82.0,45.0
FULL,8,2130,32,Qwen/Qwen3-8B_decoding-all,35,1,2130,563740,1400,1.9265,175,297.0702,572.3057403,100.0,82.0,45.0
FULL,8,2130,32,Qwen/Qwen3-8B_decoding-all,35,2,2130,563600,1400,1.9265,175,297.0911,572.34600415,100.0,82.0,45.0
PIECEWISE,8,2430,32,Qwen/Qwen3-8B_prefill-all,0,0,2302,1592575,30720,2.9334,120,569.1447333333333,1669.5291607599997,99.0,41.0,58.0
PIECEWISE,8,2430,32,Qwen/Qwen3-8B_prefill-all,0,1,2302,1599633,30720,2.934,120,571.9047333333332,1677.9684875999997,99.0,41.0,59.8
PIECEWISE,8,2430,32,Qwen/Qwen3-8B_prefill-all,0,2,2302,1605439,30720,2.9347,120,574.2107333333333,1685.1362391133332,99.0,41.0,61.0
FULL,8,2430,32,Qwen/Qwen3-8B_decoding-all,32,0,2422,709246,1600,2.1544,200,338.2614545454545,728.7504776727271,100.0,83.0,51.27272727272727
FULL,8,2430,32,Qwen/Qwen3-8B_decoding-all,32,1,2422,708346,1600,2.1545,200,337.8405454545454,727.877455181818,100.0,83.0,51.0
FULL,8,2430,32,Qwen/Qwen3-8B_decoding-all,32,2,2422,708302,1600,2.1544,200,337.7335,727.6130523999999,100.0,83.0,51.0
FULL,8,2430,32,Qwen/Qwen3-8B_decoding-all,33,0,2422,707635,1600,2.1545,200,337.5109090909091,727.1672536363636,100.0,83.0,51.0
FULL,8,2430,32,Qwen/Qwen3-8B_decoding-all,33,1,2422,674492,1600,2.1544,200,337.5457272727273,727.2085148363636,100.0,83.0,50.0
FULL,8,2430,32,Qwen/Qwen3-8B_decoding-all,33,2,2422,707050,1600,2.1545,200,337.26991666666663,726.6480354583333,100.0,83.0,50.0
FULL,8,2430,32,Qwen/Qwen3-8B_decoding-all,34,0,2422,706969,1600,2.1547,200,336.98272727272723,726.0966824545454,100.0,83.0,50.0
FULL,8,2430,32,Qwen/Qwen3-8B_decoding-all,34,1,2422,673688,1600,2.1547,200,336.9736363636364,726.0770942727273,100.0,83.0,50.0
FULL,8,2430,32,Qwen/Qwen3-8B_decoding-all,34,2,2422,706518,1600,2.1547,200,336.89663636363633,725.9111823727272,100.0,83.0,50.0
FULL,8,2430,32,Qwen/Qwen3-8B_decoding-all,35,0,2422,706293,1600,2.1548,200,336.84645454545455,725.8367402545454,100.0,83.0,50.0
FULL,8,2430,32,Qwen/Qwen3-8B_decoding-all,35,1,2422,672955,1600,2.1547,200,336.5860909090909,725.2420500818182,100.0,83.0,50.0
FULL,8,2430,32,Qwen/Qwen3-8B_decoding-all,35,2,2422,705933,1600,2.1548,200,336.5316363636363,725.1583700363635,100.0,83.0,50.0
PIECEWISE,8,330,32,Qwen/Qwen3-8B_prefill-attn,0,0,330,323279,20736,3.4603,81,92.71827777777776,320.8330565944444,100.0,5.0,29.0
PIECEWISE,8,330,32,Qwen/Qwen3-8B_prefill-attn,0,1,330,314467,20736,3.459,81,92.60861111111113,320.3331858333334,100.0,5.0,29.0
PIECEWISE,8,330,32,Qwen/Qwen3-8B_prefill-attn,0,2,330,314335,20736,3.4588,81,92.65261111111111,320.46685131111116,100.0,5.0,29.0
FULL,8,330,32,Qwen/Qwen3-8B_decoding-attn,32,0,330,183706,1296,2.1178,162,92.01636363636364,194.8722549090909,100.0,15.0,28.0
FULL,8,330,32,Qwen/Qwen3-8B_decoding-attn,32,1,330,192830,1296,2.1177,162,91.91818181818181,194.65513363636362,100.0,15.0,28.0
FULL,8,330,32,Qwen/Qwen3-8B_decoding-attn,32,2,330,192773,1296,2.1169,162,91.97963636363636,194.71169221818178,100.0,15.0,28.0
FULL,8,330,32,Qwen/Qwen3-8B_decoding-attn,33,0,330,201906,1296,2.1198,162,91.9479090909091,194.91117769090914,100.0,15.0,28.0
FULL,8,330,32,Qwen/Qwen3-8B_decoding-attn,33,1,330,192809,1296,2.1207,162,92.12281818181819,195.3648605181818,100.0,15.0,28.0
FULL,8,330,32,Qwen/Qwen3-8B_decoding-attn,33,2,330,183874,1296,2.1165,162,91.79454545454546,194.28315545454544,100.0,15.0,28.0
FULL,8,330,32,Qwen/Qwen3-8B_decoding-attn,34,0,330,192686,1296,2.1178,162,91.97609090909091,194.78696532727272,100.0,15.0,28.0
FULL,8,330,32,Qwen/Qwen3-8B_decoding-attn,34,1,330,192807,1296,2.1172,162,91.84572727272726,194.45577378181815,100.0,15.0,28.0
FULL,8,330,32,Qwen/Qwen3-8B_decoding-attn,34,2,330,183890,1296,2.12,162,91.99890909090908,195.03768727272725,100.0,15.0,28.0
FULL,8,330,32,Qwen/Qwen3-8B_decoding-attn,35,0,330,192869,1296,2.1185,162,92.03090909090908,194.96748090909088,100.0,15.0,28.0
FULL,8,330,32,Qwen/Qwen3-8B_decoding-attn,35,1,330,192939,1296,2.1192,162,91.85536363636362,194.65988661818182,100.0,15.0,28.0
FULL,8,330,32,Qwen/Qwen3-8B_decoding-attn,35,2,330,201633,1296,2.1196,162,91.85681818181818,194.69971181818184,100.0,15.0,28.0
PIECEWISE,8,630,32,Qwen/Qwen3-8B_prefill-attn,0,0,630,443476,39680,3.5702,155,127.16038888888887,453.98802041111105,100.0,9.0,30.0
PIECEWISE,8,630,32,Qwen/Qwen3-8B_prefill-attn,0,1,630,445115,39680,3.5679,155,127.3648888888889,454.4251870666667,100.0,9.0,30.0
PIECEWISE,8,630,32,Qwen/Qwen3-8B_prefill-attn,0,2,630,445550,39680,3.5636,155,127.6408888888889,454.8610716444445,100.0,9.0,30.38888888888889
FULL,8,630,32,Qwen/Qwen3-8B_decoding-attn,32,0,630,263521,2480,2.3934,310,114.59958333333334,274.28264275000004,100.0,25.0,29.0
FULL,8,630,32,Qwen/Qwen3-8B_decoding-attn,32,1,630,274625,2480,2.3932,310,114.68169230769232,274.4562260307693,100.0,25.0,29.0
FULL,8,630,32,Qwen/Qwen3-8B_decoding-attn,32,2,630,263636,2480,2.3926,310,114.72483333333332,274.4906362333333,100.0,25.0,29.0
FULL,8,630,32,Qwen/Qwen3-8B_decoding-attn,33,0,630,274829,2480,2.3928,310,114.74907692307693,274.57159126153846,100.0,25.0,29.0
FULL,8,630,32,Qwen/Qwen3-8B_decoding-attn,33,1,630,263711,2480,2.3929,310,114.81516666666668,274.7412123166667,100.0,25.0,29.0
FULL,8,630,32,Qwen/Qwen3-8B_decoding-attn,33,2,630,274990,2480,2.3925,310,114.73766666666666,274.5098675,100.0,25.0,29.0
FULL,8,630,32,Qwen/Qwen3-8B_decoding-attn,34,0,630,275010,2480,2.3933,310,114.93438461538464,275.0724627000001,100.0,25.0,29.0
FULL,8,630,32,Qwen/Qwen3-8B_decoding-attn,34,1,630,275142,2480,2.3935,310,114.807,274.7905545,100.0,25.0,29.083333333333332
FULL,8,630,32,Qwen/Qwen3-8B_decoding-attn,34,2,630,274981,2480,2.393,310,114.88015384615386,274.90820815384615,100.0,25.0,29.53846153846154
FULL,8,630,32,Qwen/Qwen3-8B_decoding-attn,35,0,630,263911,2480,2.3933,310,114.86749999999999,274.91238775,100.0,25.0,30.0
FULL,8,630,32,Qwen/Qwen3-8B_decoding-attn,35,1,630,264015,2480,2.3944,310,114.96366666666667,275.2690034666667,100.0,25.0,30.0
FULL,8,630,32,Qwen/Qwen3-8B_decoding-attn,35,2,630,275084,2480,2.395,310,114.86123076923076,275.09264769230765,100.0,25.0,30.0
PIECEWISE,8,930,32,Qwen/Qwen3-8B_prefill-attn,0,0,922,604272,58624,3.8071,229,159.35752631578944,606.690038436842,99.0,12.0,32.0
PIECEWISE,8,930,32,Qwen/Qwen3-8B_prefill-attn,0,1,922,589074,58624,3.8069,229,159.14989473684213,605.8677342736843,99.0,12.0,32.73684210526316
PIECEWISE,8,930,32,Qwen/Qwen3-8B_prefill-attn,0,2,922,605358,58624,3.8016,229,159.51952631578948,606.4294312421052,99.0,12.0,33.0
FULL,8,930,32,Qwen/Qwen3-8B_decoding-attn,32,0,930,362328,3664,2.8745,458,129.48073333333335,372.19236796666667,100.0,31.0,31.0
FULL,8,930,32,Qwen/Qwen3-8B_decoding-attn,32,1,930,361836,3664,2.8732,458,129.46999999999997,371.99320399999993,100.0,31.0,31.0
FULL,8,930,32,Qwen/Qwen3-8B_decoding-attn,32,2,930,362125,3664,2.8738,458,129.44459999999998,371.99789147999996,100.0,31.0,31.0
FULL,8,930,32,Qwen/Qwen3-8B_decoding-attn,33,0,930,374916,3664,2.8737,458,129.46606666666668,372.04663578000003,100.0,31.0,31.0
FULL,8,930,32,Qwen/Qwen3-8B_decoding-attn,33,1,930,374989,3664,2.8732,458,129.5256,372.15295392,100.0,31.0,31.0
FULL,8,930,32,Qwen/Qwen3-8B_decoding-attn,33,2,930,362351,3664,2.873,458,129.52353333333332,372.1211112666667,100.0,31.0,31.0
FULL,8,930,32,Qwen/Qwen3-8B_decoding-attn,34,0,930,362095,3664,2.8733,458,129.56193333333334,372.2703030466667,100.0,31.0,31.0
FULL,8,930,32,Qwen/Qwen3-8B_decoding-attn,34,1,930,362468,3664,2.8729,458,129.49300000000002,372.02043970000005,100.0,31.0,31.0
FULL,8,930,32,Qwen/Qwen3-8B_decoding-attn,34,2,930,362441,3664,2.8742,458,129.55560000000003,372.3687055200001,100.0,31.0,31.0
FULL,8,930,32,Qwen/Qwen3-8B_decoding-attn,35,0,930,375015,3664,2.874,458,129.6252666666667,372.5430164000001,100.0,31.0,31.0
FULL,8,930,32,Qwen/Qwen3-8B_decoding-attn,35,1,930,362307,3664,2.8739,458,129.56453333333332,372.3555123466666,100.0,31.0,31.0
FULL,8,930,32,Qwen/Qwen3-8B_decoding-attn,35,2,930,375280,3664,2.8741,458,129.67326666666668,372.69393572666667,100.0,31.0,31.0
PIECEWISE,8,1230,32,Qwen/Qwen3-8B_prefill-attn,0,0,1230,766722,77568,3.7892,303,201.76889473684213,764.5426959368422,99.0,16.0,35.0
PIECEWISE,8,1230,32,Qwen/Qwen3-8B_prefill-attn,0,1,1230,746508,77568,3.7894,303,201.8673157894737,764.9560064526316,99.0,16.0,35.578947368421055
PIECEWISE,8,1230,32,Qwen/Qwen3-8B_prefill-attn,0,2,1230,765064,77568,3.7912,303,201.88626315789472,765.3912008842104,99.0,16.0,36.0
FULL,8,1230,32,Qwen/Qwen3-8B_decoding-attn,32,0,1230,226158,2424,1.5791,303,149.6674444444444,236.33986152222218,100.0,37.0,33.0
FULL,8,1230,32,Qwen/Qwen3-8B_decoding-attn,32,1,1230,226181,2424,1.579,303,150.63333333333333,237.85003333333333,100.0,37.0,33.0
FULL,8,1230,32,Qwen/Qwen3-8B_decoding-attn,32,2,1230,225915,2424,1.5789,303,150.85500000000002,238.18495950000002,100.0,37.0,33.0
FULL,8,1230,32,Qwen/Qwen3-8B_decoding-attn,33,0,1230,240897,2424,1.5789,303,150.7931111111111,238.08724313333332,100.0,37.0,33.0
FULL,8,1230,32,Qwen/Qwen3-8B_decoding-attn,33,1,1230,226328,2424,1.5787,303,151.02499999999998,238.42316749999998,100.0,37.0,33.0
FULL,8,1230,32,Qwen/Qwen3-8B_decoding-attn,33,2,1230,226221,2424,1.5789,303,150.82855555555557,238.14320636666667,100.0,37.0,33.0
FULL,8,1230,32,Qwen/Qwen3-8B_decoding-attn,34,0,1230,226310,2424,1.5792,303,150.6998888888889,237.98526453333332,100.0,37.0,33.0
FULL,8,1230,32,Qwen/Qwen3-8B_decoding-attn,34,1,1230,225896,2424,1.5793,303,149.16133333333332,235.5704937333333,100.0,37.0,33.0
FULL,8,1230,32,Qwen/Qwen3-8B_decoding-attn,34,2,1230,241020,2424,1.5794,303,150.83366666666666,238.2266931333333,100.0,37.0,33.0
FULL,8,1230,32,Qwen/Qwen3-8B_decoding-attn,35,0,1230,226423,2424,1.5795,303,151.02875,238.549910625,100.0,37.0,33.0
FULL,8,1230,32,Qwen/Qwen3-8B_decoding-attn,35,1,1230,226423,2424,1.5795,303,151.00744444444445,238.5162585,100.0,37.0,33.0
FULL,8,1230,32,Qwen/Qwen3-8B_decoding-attn,35,2,1230,226364,2424,1.5792,303,150.73644444444446,238.04299306666667,100.0,37.0,33.0
PIECEWISE,8,1530,32,Qwen/Qwen3-8B_prefill-attn,0,0,1507,1005858,96512,3.8774,377,265.2903,1028.63660922,99.0,19.0,38.85
PIECEWISE,8,1530,32,Qwen/Qwen3-8B_prefill-attn,0,1,1507,1009487,96512,3.8771,377,265.85794736842104,1030.7578477421052,99.0,19.0,39.68421052631579
PIECEWISE,8,1530,32,Qwen/Qwen3-8B_prefill-attn,0,2,1507,1011116,96512,3.877,377,266.31145000000004,1032.48949165,99.0,19.0,40.0
FULL,8,1530,32,Qwen/Qwen3-8B_decoding-attn,32,0,1530,291408,3016,1.6033,377,176.9578888888889,283.7165832555556,100.0,46.0,36.0
FULL,8,1530,32,Qwen/Qwen3-8B_decoding-attn,32,1,1530,273580,3016,1.6032,377,181.74233333333333,291.3693088,100.0,46.0,36.0
FULL,8,1530,32,Qwen/Qwen3-8B_decoding-attn,32,2,1530,291199,3016,1.6032,377,182.41666666666666,292.4504,100.0,46.0,36.0
FULL,8,1530,32,Qwen/Qwen3-8B_decoding-attn,33,0,1530,291605,3016,1.603,377,182.42344444444447,292.4247814444445,100.0,46.0,36.0
FULL,8,1530,32,Qwen/Qwen3-8B_decoding-attn,33,1,1530,291549,3016,1.6028,377,182.44899999999998,292.4292572,100.0,46.0,36.0
FULL,8,1530,32,Qwen/Qwen3-8B_decoding-attn,33,2,1530,291458,3016,1.6031,377,182.46377777777775,292.50768215555553,100.0,46.0,36.0
FULL,8,1530,32,Qwen/Qwen3-8B_decoding-attn,34,0,1530,291528,3016,1.6024,377,182.51044444444446,292.4547361777778,100.0,46.0,36.0
FULL,8,1530,32,Qwen/Qwen3-8B_decoding-attn,34,1,1530,273597,3016,1.6026,377,182.104,291.83987040000005,100.0,46.0,36.0
FULL,8,1530,32,Qwen/Qwen3-8B_decoding-attn,34,2,1530,291452,3016,1.6026,377,182.09600000000003,291.82704960000007,100.0,46.0,36.0
FULL,8,1530,32,Qwen/Qwen3-8B_decoding-attn,35,0,1530,273674,3016,1.6028,377,182.40288888888892,292.3553503111112,100.0,46.0,36.0
FULL,8,1530,32,Qwen/Qwen3-8B_decoding-attn,35,1,1530,273757,3016,1.6029,377,182.54633333333334,292.6035177,100.0,46.0,36.0
FULL,8,1530,32,Qwen/Qwen3-8B_decoding-attn,35,2,1530,273724,3016,1.6029,377,182.55122222222224,292.6113541,100.0,46.0,36.0
PIECEWISE,8,1830,32,Qwen/Qwen3-8B_prefill-attn,0,0,1770,1303311,115456,3.9887,451,326.25747619047627,1301.3431952809528,99.0,22.0,42.904761904761905
PIECEWISE,8,1830,32,Qwen/Qwen3-8B_prefill-attn,0,1,1770,1305083,115456,3.9881,451,327.1432380952381,1304.6799478476191,99.0,22.0,44.0
PIECEWISE,8,1830,32,Qwen/Qwen3-8B_prefill-attn,0,2,1775,1242975,115456,3.9662,451,314.6104,1247.80776848,99.0,22.85,44.1
FULL,8,1830,32,Qwen/Qwen3-8B_decoding-attn,32,0,1830,324134,3608,1.6207,451,214.23366666666666,347.20850356666665,100.0,54.0,39.111111111111114
FULL,8,1830,32,Qwen/Qwen3-8B_decoding-attn,32,1,1830,345067,3608,1.6207,451,216.05055555555555,350.15313538888887,100.0,54.0,39.0
FULL,8,1830,32,Qwen/Qwen3-8B_decoding-attn,32,2,1830,345245,3608,1.6207,451,215.70466666666667,349.5925532666667,100.0,54.0,39.0
FULL,8,1830,32,Qwen/Qwen3-8B_decoding-attn,33,0,1830,345349,3608,1.6204,451,214.55577777777776,347.66618231111113,100.0,54.0,39.0
FULL,8,1830,32,Qwen/Qwen3-8B_decoding-attn,33,1,1830,324117,3608,1.6206,451,216.17255555555556,350.32924353333334,100.0,54.0,39.0
FULL,8,1830,32,Qwen/Qwen3-8B_decoding-attn,33,2,1830,345355,3608,1.6204,451,215.9175555555556,349.8728070222223,100.0,54.0,39.0
FULL,8,1830,32,Qwen/Qwen3-8B_decoding-attn,34,0,1830,345819,3608,1.6201,451,216.11433333333332,350.12683143333334,100.0,54.0,39.0
FULL,8,1830,32,Qwen/Qwen3-8B_decoding-attn,34,1,1830,345539,3608,1.6202,451,216.26233333333332,350.38823246666664,100.0,54.0,39.0
FULL,8,1830,32,Qwen/Qwen3-8B_decoding-attn,34,2,1830,345435,3608,1.6203,451,215.7417777777778,349.56640253333336,100.0,54.0,39.0
FULL,8,1830,32,Qwen/Qwen3-8B_decoding-attn,35,0,1830,324224,3608,1.6205,451,216.1141111111111,350.2129170555555,100.0,54.0,39.0
FULL,8,1830,32,Qwen/Qwen3-8B_decoding-attn,35,1,1830,345480,3608,1.6207,451,216.01955555555554,350.10289368888886,100.0,54.0,39.0
FULL,8,1830,32,Qwen/Qwen3-8B_decoding-attn,35,2,1830,345728,3608,1.6207,451,216.00544444444444,350.0800238111111,100.0,54.0,39.0
PIECEWISE,8,2130,32,Qwen/Qwen3-8B_prefill-attn,0,0,2055,1476111,134400,4.0127,525,368.45404761904757,1478.495556880952,99.0,26.0,46.476190476190474
PIECEWISE,8,2130,32,Qwen/Qwen3-8B_prefill-attn,0,1,2055,1438436,134400,4.0118,525,369.6501999999999,1482.9626723599997,99.0,26.0,47.6
PIECEWISE,8,2130,32,Qwen/Qwen3-8B_prefill-attn,0,2,2055,1479853,134400,4.0105,525,370.37254999999993,1485.379111775,99.0,26.0,48.45
FULL,8,2130,32,Qwen/Qwen3-8B_decoding-attn,32,0,2130,424655,4200,1.7087,525,265.59633333333335,453.82445476666675,100.0,60.0,43.0
FULL,8,2130,32,Qwen/Qwen3-8B_decoding-attn,32,1,2130,424747,4200,1.7086,525,265.4807777777778,453.6004569111111,100.0,60.0,43.0
FULL,8,2130,32,Qwen/Qwen3-8B_decoding-attn,32,2,2130,424564,4200,1.7086,525,265.36269999999996,453.3987092199999,100.0,60.0,43.0
FULL,8,2130,32,Qwen/Qwen3-8B_decoding-attn,33,0,2130,450590,4200,1.7087,525,265.424,453.5299888,100.0,60.0,43.0
FULL,8,2130,32,Qwen/Qwen3-8B_decoding-attn,33,1,2130,451172,4200,1.7087,525,265.2938888888889,453.30766794444446,100.0,60.0,43.0
FULL,8,2130,32,Qwen/Qwen3-8B_decoding-attn,33,2,2130,424756,4200,1.7085,525,265.6094444444445,453.79373583333336,100.0,60.0,43.0
FULL,8,2130,32,Qwen/Qwen3-8B_decoding-attn,34,0,2130,450969,4200,1.7086,525,264.4899,451.90744313999994,100.0,60.0,43.0
FULL,8,2130,32,Qwen/Qwen3-8B_decoding-attn,34,1,2130,424717,4200,1.7087,525,265.4644444444445,453.59909622222233,100.0,60.0,43.0
FULL,8,2130,32,Qwen/Qwen3-8B_decoding-attn,34,2,2130,450892,4200,1.7086,525,265.54622222222224,453.7122752888889,100.0,60.0,43.0
FULL,8,2130,32,Qwen/Qwen3-8B_decoding-attn,35,0,2130,450978,4200,1.7088,525,265.92580000000004,454.4140070400001,100.0,60.0,43.0
FULL,8,2130,32,Qwen/Qwen3-8B_decoding-attn,35,1,2130,451135,4200,1.7088,525,265.79166666666663,454.18479999999994,100.0,60.0,43.0
FULL,8,2130,32,Qwen/Qwen3-8B_decoding-attn,35,2,2130,424919,4200,1.7089,525,265.1912222222222,453.1852796555556,100.0,60.0,43.0
PIECEWISE,8,2430,32,Qwen/Qwen3-8B_prefill-attn,0,0,2325,1980067,153600,4.0965,600,484.3452380952381,1984.1202678571426,98.0,29.0,53.42857142857143
PIECEWISE,8,2430,32,Qwen/Qwen3-8B_prefill-attn,0,1,2325,1943088,153600,4.098,600,486.42457142857137,1993.3678937142854,98.0,29.0,55.0
PIECEWISE,8,2430,32,Qwen/Qwen3-8B_prefill-attn,0,2,2325,1951443,153600,4.0977,600,488.58490476190474,2002.074364242857,98.0,29.0,56.19047619047619
FULL,8,2430,32,Qwen/Qwen3-8B_decoding-attn,32,0,2422,484251,4800,1.8604,600,284.94849999999997,530.1181894,100.0,63.0,48.0
FULL,8,2430,32,Qwen/Qwen3-8B_decoding-attn,32,1,2422,512264,4800,1.8604,600,284.76989999999995,529.7859219599999,100.0,63.0,47.7
FULL,8,2430,32,Qwen/Qwen3-8B_decoding-attn,32,2,2422,539726,4800,1.8604,600,284.50840000000005,529.2994273600001,100.0,63.0,47.0
FULL,8,2430,32,Qwen/Qwen3-8B_decoding-attn,33,0,2422,511477,4800,1.8601,600,284.26610000000005,528.7633726100001,100.0,63.0,47.0
FULL,8,2430,32,Qwen/Qwen3-8B_decoding-attn,33,1,2422,510882,4800,1.8601,600,284.39259999999996,528.9986752599999,100.0,63.0,47.0
FULL,8,2430,32,Qwen/Qwen3-8B_decoding-attn,33,2,2422,539211,4800,1.8601,600,284.20860000000005,528.6564168600001,100.0,63.0,47.0
FULL,8,2430,32,Qwen/Qwen3-8B_decoding-attn,34,0,2422,510922,4800,1.861,600,284.14660000000003,528.7968226,100.0,63.0,47.0
FULL,8,2430,32,Qwen/Qwen3-8B_decoding-attn,34,1,2422,510766,4800,1.861,600,283.902,528.3416219999999,100.0,63.0,46.0
FULL,8,2430,32,Qwen/Qwen3-8B_decoding-attn,34,2,2422,510208,4800,1.8609,600,283.8955,528.30113595,100.0,63.0,46.0
FULL,8,2430,32,Qwen/Qwen3-8B_decoding-attn,35,0,2422,482117,4800,1.8611,600,283.76200000000006,528.1094582000001,100.0,63.0,46.0
FULL,8,2430,32,Qwen/Qwen3-8B_decoding-attn,35,1,2422,538161,4800,1.8611,600,283.726,528.0424586,100.0,63.0,46.0
FULL,8,2430,32,Qwen/Qwen3-8B_decoding-attn,35,2,2422,537682,4800,1.8611,600,283.5027,527.62687497,100.0,63.0,46.0
PIECEWISE,8,330,32,Qwen/Qwen3-8B_prefill-mlp,0,0,330,999386,20736,9.3704,81,107.52215217391304,1007.5255747304348,100.0,7.0,31.065217391304348
PIECEWISE,8,330,32,Qwen/Qwen3-8B_prefill-mlp,0,1,330,1008135,20736,9.3709,81,107.38436956521743,1006.288188758696,100.0,7.0,31.0
PIECEWISE,8,330,32,Qwen/Qwen3-8B_prefill-mlp,0,2,330,996401,20736,9.3702,81,107.3336956521739,1005.7381949999999,100.0,7.0,30.956521739130434
FULL,8,330,32,Qwen/Qwen3-8B_decoding-mlp,32,0,330,218260,640,1.6061,80,135.0096666666667,216.8390256333334,100.0,35.0,30.0
FULL,8,330,32,Qwen/Qwen3-8B_decoding-mlp,32,1,330,218908,640,1.6049,80,136.43755555555552,218.96863291111106,100.0,35.0,30.0
FULL,8,330,32,Qwen/Qwen3-8B_decoding-mlp,32,2,330,205450,640,1.6053,80,136.80344444444444,219.61056936666665,100.0,35.0,30.0
FULL,8,330,32,Qwen/Qwen3-8B_decoding-mlp,33,0,330,205633,640,1.6038,80,137.11100000000002,219.8986218,100.0,35.0,30.0
FULL,8,330,32,Qwen/Qwen3-8B_decoding-mlp,33,1,330,219052,640,1.6029,80,137.16244444444445,219.8576822,100.0,35.0,30.0
FULL,8,330,32,Qwen/Qwen3-8B_decoding-mlp,33,2,330,219186,640,1.6045,80,136.45655555555558,218.94454338888895,100.0,35.0,30.11111111111111
FULL,8,330,32,Qwen/Qwen3-8B_decoding-mlp,34,0,330,205490,640,1.6051,80,136.77133333333333,219.53166713333331,100.0,35.0,30.88888888888889
FULL,8,330,32,Qwen/Qwen3-8B_decoding-mlp,34,1,330,205618,640,1.6054,80,136.78633333333335,219.59677953333335,100.0,35.0,31.0
FULL,8,330,32,Qwen/Qwen3-8B_decoding-mlp,34,2,330,219013,640,1.6047,80,136.90255555555555,219.68753089999998,100.0,35.0,31.0
FULL,8,330,32,Qwen/Qwen3-8B_decoding-mlp,35,0,330,219046,640,1.6047,80,136.3657777777778,218.82616360000003,100.0,35.0,31.0
FULL,8,330,32,Qwen/Qwen3-8B_decoding-mlp,35,1,330,205713,640,1.6046,80,137.07611111111112,219.9523278888889,100.0,35.0,31.0
FULL,8,330,32,Qwen/Qwen3-8B_decoding-mlp,35,2,330,205856,640,1.6027,80,137.06111111111113,219.66784277777782,100.0,35.0,31.0
PIECEWISE,8,630,32,Qwen/Qwen3-8B_prefill-mlp,0,0,630,1438144,39680,9.5483,155,151.58060869565216,1447.3371260086953,100.0,13.0,33.0
PIECEWISE,8,630,32,Qwen/Qwen3-8B_prefill-mlp,0,1,630,1439752,39680,9.5477,155,151.8333260869565,1449.6590474804348,100.0,13.043478260869565,33.0
PIECEWISE,8,630,32,Qwen/Qwen3-8B_prefill-mlp,0,2,630,1424513,39680,9.5487,155,151.68984782608695,1448.4408499369565,100.0,13.0,33.369565217391305
FULL,8,630,32,Qwen/Qwen3-8B_decoding-mlp,32,0,630,350011,1232,2.1681,154,166.98018181818182,362.0297322,100.0,49.0,32.18181818181818
FULL,8,630,32,Qwen/Qwen3-8B_decoding-mlp,32,1,630,350699,1232,2.1672,154,167.08918181818183,362.1156748363636,100.0,49.0,32.90909090909091
FULL,8,630,32,Qwen/Qwen3-8B_decoding-mlp,32,2,630,350795,1232,2.1671,154,167.13781818181818,362.2043657818182,100.0,49.0,33.0
FULL,8,630,32,Qwen/Qwen3-8B_decoding-mlp,33,0,630,350237,1232,2.1674,154,167.068,362.10318320000005,100.0,49.0,33.0
FULL,8,630,32,Qwen/Qwen3-8B_decoding-mlp,33,1,630,350700,1232,2.1672,154,167.19136363636366,362.3371232727273,100.0,49.0,33.0
FULL,8,630,32,Qwen/Qwen3-8B_decoding-mlp,33,2,630,350875,1232,2.1669,154,167.1749090909091,362.25131050909096,100.0,49.0,33.0
FULL,8,630,32,Qwen/Qwen3-8B_decoding-mlp,34,0,630,350880,1232,2.1668,154,167.1640909090909,362.21115218181814,100.0,49.18181818181818,33.0
FULL,8,630,32,Qwen/Qwen3-8B_decoding-mlp,34,1,630,350591,1232,2.1675,154,167.27481818181818,362.5681684090909,100.0,49.0,33.0
FULL,8,630,32,Qwen/Qwen3-8B_decoding-mlp,34,2,630,350895,1232,2.1672,154,167.194,362.34283679999993,100.0,49.0,33.0
FULL,8,630,32,Qwen/Qwen3-8B_decoding-mlp,35,0,630,351154,1232,2.1672,154,167.17309090909092,362.2975226181818,100.0,49.0,33.0
FULL,8,630,32,Qwen/Qwen3-8B_decoding-mlp,35,1,630,351181,1232,2.1676,154,167.3350909090909,362.71554305454544,100.0,49.0,33.0
FULL,8,630,32,Qwen/Qwen3-8B_decoding-mlp,35,2,630,350792,1232,2.1679,154,167.32536363636365,362.74465582727277,100.0,49.0,33.0
PIECEWISE,8,930,32,Qwen/Qwen3-8B_prefill-mlp,0,0,930,1907866,58624,9.8562,229,196.9205208333333,1940.8880374374996,100.0,19.0,36.0
PIECEWISE,8,930,32,Qwen/Qwen3-8B_prefill-mlp,0,1,930,1931046,58624,9.8498,229,197.47164583333335,1945.056217129167,100.0,19.0,37.0
PIECEWISE,8,930,32,Qwen/Qwen3-8B_prefill-mlp,0,2,930,1932215,58624,9.8552,229,197.28997916666665,1944.3322026833332,100.0,19.0,37.0
FULL,8,930,32,Qwen/Qwen3-8B_decoding-mlp,32,0,930,528643,1824,3.0338,228,176.48313333333334,535.4145299066666,100.0,52.0,35.0
FULL,8,930,32,Qwen/Qwen3-8B_decoding-mlp,32,1,930,529165,1824,3.0336,228,176.46866666666665,535.3353471999999,100.0,52.0,35.0
FULL,8,930,32,Qwen/Qwen3-8B_decoding-mlp,32,2,930,528403,1824,3.0333,228,176.50106666666665,535.3806855199999,100.0,52.0,35.0
FULL,8,930,32,Qwen/Qwen3-8B_decoding-mlp,33,0,930,529078,1824,3.0329,228,176.4645333333333,535.1992831466665,100.0,52.0,35.0
FULL,8,930,32,Qwen/Qwen3-8B_decoding-mlp,33,1,930,528578,1824,3.0331,228,176.56426666666667,535.5370772266667,100.0,52.0,35.0
FULL,8,930,32,Qwen/Qwen3-8B_decoding-mlp,33,2,930,528458,1824,3.0332,228,176.5442,535.4938674399999,100.0,52.0,35.0
FULL,8,930,32,Qwen/Qwen3-8B_decoding-mlp,34,0,930,529016,1824,3.0333,228,176.42140000000003,535.1390326200001,100.0,52.0,35.0
FULL,8,930,32,Qwen/Qwen3-8B_decoding-mlp,34,1,930,528314,1824,3.0334,228,176.4272,535.17426848,100.0,52.0,35.0
FULL,8,930,32,Qwen/Qwen3-8B_decoding-mlp,34,2,930,529188,1824,3.0331,228,176.4888,535.30817928,100.0,52.0,35.0
FULL,8,930,32,Qwen/Qwen3-8B_decoding-mlp,35,0,930,511667,1824,3.0327,228,176.518,535.3261386,100.0,52.0,35.0
FULL,8,930,32,Qwen/Qwen3-8B_decoding-mlp,35,1,930,528475,1824,3.033,228,176.4612666666667,535.2070218,100.0,52.0,35.0
FULL,8,930,32,Qwen/Qwen3-8B_decoding-mlp,35,2,930,529206,1824,3.0331,228,176.4810666666667,535.2847233066668,100.0,52.0,35.0
PIECEWISE,8,1230,32,Qwen/Qwen3-8B_prefill-mlp,0,0,1230,2434616,77568,9.8754,303,248.73922916666666,2456.3993837125004,100.0,25.0,40.0
PIECEWISE,8,1230,32,Qwen/Qwen3-8B_prefill-mlp,0,1,1230,2439298,77568,9.8751,303,249.06872916666669,2459.57860739375,100.0,25.0,41.0
PIECEWISE,8,1230,32,Qwen/Qwen3-8B_prefill-mlp,0,2,1230,2443346,77568,9.8735,303,249.54091666666667,2463.8422407083335,100.0,25.0,41.604166666666664
FULL,8,1230,32,Qwen/Qwen3-8B_decoding-mlp,32,0,1230,338708,1208,1.7443,151,198.739,346.6604377,100.0,60.0,38.0
FULL,8,1230,32,Qwen/Qwen3-8B_decoding-mlp,32,1,1230,338832,1208,1.744,151,199.6058888888889,348.1126702222222,100.0,60.0,38.0
FULL,8,1230,32,Qwen/Qwen3-8B_decoding-mlp,32,2,1230,319226,1208,1.7442,151,199.5403333333333,348.0382493999999,100.0,60.0,38.0
FULL,8,1230,32,Qwen/Qwen3-8B_decoding-mlp,33,0,1230,339101,1208,1.7443,151,199.07933333333332,347.25408113333333,100.0,60.0,38.0
FULL,8,1230,32,Qwen/Qwen3-8B_decoding-mlp,33,1,1230,338364,1208,1.7442,151,198.7171111111111,346.6023852,100.0,60.0,37.0
FULL,8,1230,32,Qwen/Qwen3-8B_decoding-mlp,33,2,1230,319132,1208,1.7442,151,199.5113333333333,347.98766759999995,100.0,60.0,37.0
FULL,8,1230,32,Qwen/Qwen3-8B_decoding-mlp,34,0,1230,358064,1208,1.7439,151,199.35177777777778,347.6495652666667,100.0,60.0,37.0
FULL,8,1230,32,Qwen/Qwen3-8B_decoding-mlp,34,1,1230,338817,1208,1.7441,151,199.12244444444443,347.2894553555555,100.0,60.0,37.0
FULL,8,1230,32,Qwen/Qwen3-8B_decoding-mlp,34,2,1230,318888,1208,1.7442,151,199.4033333333333,347.799294,100.0,60.0,37.0
FULL,8,1230,32,Qwen/Qwen3-8B_decoding-mlp,35,0,1230,338130,1208,1.7443,151,199.4231111111111,347.8537327111111,100.0,60.0,37.0
FULL,8,1230,32,Qwen/Qwen3-8B_decoding-mlp,35,1,1230,338832,1208,1.744,151,199.33288888888887,347.6365582222222,100.0,60.0,37.0
FULL,8,1230,32,Qwen/Qwen3-8B_decoding-mlp,35,2,1230,338517,1208,1.7443,151,198.876,346.8994068,100.0,60.0,37.0
PIECEWISE,8,1530,32,Qwen/Qwen3-8B_prefill-mlp,0,0,1521,3117878,96512,9.9802,377,301.88677083333334,3012.8903502708336,100.0,31.0,44.0
PIECEWISE,8,1530,32,Qwen/Qwen3-8B_prefill-mlp,0,1,1522,2980145,96512,9.9723,377,297.6676326530612,2968.4309331061227,100.0,31.0,45.0
PIECEWISE,8,1530,32,Qwen/Qwen3-8B_prefill-mlp,0,2,1522,2970017,96512,9.9732,377,300.2161224489796,2994.1154324081635,100.0,31.0,45.69387755102041
FULL,8,1530,32,Qwen/Qwen3-8B_decoding-mlp,32,0,1530,417088,1504,1.7605,188,245.4002222222222,432.02709122222217,100.0,74.0,42.0
FULL,8,1530,32,Qwen/Qwen3-8B_decoding-mlp,32,1,1530,417256,1504,1.7602,188,245.21488888888885,431.6272474222221,100.0,74.0,42.0
FULL,8,1530,32,Qwen/Qwen3-8B_decoding-mlp,32,2,1530,392657,1504,1.7604,188,245.53833333333336,432.24568200000004,100.0,74.0,42.0
FULL,8,1530,32,Qwen/Qwen3-8B_decoding-mlp,33,0,1530,417035,1504,1.7604,188,245.2611111111111,431.75765999999993,100.0,74.0,41.77777777777778
FULL,8,1530,32,Qwen/Qwen3-8B_decoding-mlp,33,1,1530,416571,1504,1.7602,188,244.2132222222222,429.86411375555554,100.0,74.0,41.0
FULL,8,1530,32,Qwen/Qwen3-8B_decoding-mlp,33,2,1530,416666,1504,1.7603,188,245.42022222222224,432.0132171777778,100.0,74.0,41.0
FULL,8,1530,32,Qwen/Qwen3-8B_decoding-mlp,34,0,1530,416777,1504,1.7603,188,244.322,430.0800166,100.0,74.0,41.0
FULL,8,1530,32,Qwen/Qwen3-8B_decoding-mlp,34,1,1530,416227,1504,1.7602,188,245.31022222222222,431.79505315555554,100.0,74.0,41.0
FULL,8,1530,32,Qwen/Qwen3-8B_decoding-mlp,34,2,1530,416860,1504,1.7604,188,245.29188888888888,431.81184119999995,100.0,74.0,41.0
FULL,8,1530,32,Qwen/Qwen3-8B_decoding-mlp,35,0,1530,416722,1504,1.7603,188,245.1038888888889,431.4563756111111,100.0,74.0,41.0
FULL,8,1530,32,Qwen/Qwen3-8B_decoding-mlp,35,1,1530,416439,1504,1.7604,188,245.26133333333337,431.75805120000007,100.0,74.0,41.0
FULL,8,1530,32,Qwen/Qwen3-8B_decoding-mlp,35,2,1530,416844,1504,1.7604,188,245.0536666666667,431.3924748,100.0,74.0,41.0
PIECEWISE,8,1830,32,Qwen/Qwen3-8B_prefill-mlp,0,0,1800,3800381,115456,10.0934,451,380.6504693877551,3842.0574477183677,100.0,36.0,49.6530612244898
PIECEWISE,8,1830,32,Qwen/Qwen3-8B_prefill-mlp,0,1,1800,3819177,115456,10.0905,451,382.36344897959185,3858.238381928572,100.0,36.0,51.48979591836735
PIECEWISE,8,1830,32,Qwen/Qwen3-8B_prefill-mlp,0,2,1800,3830456,115456,10.09,451,383.50061224489787,3869.5211775510193,100.0,36.0,52.734693877551024
FULL,8,1830,32,Qwen/Qwen3-8B_decoding-mlp,32,0,1830,483248,1800,1.8038,225,269.25640000000004,485.6846943200001,100.0,86.0,46.3
FULL,8,1830,32,Qwen/Qwen3-8B_decoding-mlp,32,1,1830,483161,1800,1.8039,225,268.9244,485.11272516,100.0,86.0,46.0
FULL,8,1830,32,Qwen/Qwen3-8B_decoding-mlp,32,2,1830,483199,1800,1.8039,225,268.83969999999994,484.9599348299999,100.0,86.0,46.0
FULL,8,1830,32,Qwen/Qwen3-8B_decoding-mlp,33,0,1830,483112,1800,1.8036,225,268.06755555555554,483.4866432,100.0,86.0,45.333333333333336
FULL,8,1830,32,Qwen/Qwen3-8B_decoding-mlp,33,1,1830,456117,1800,1.8037,225,267.85450000000003,483.12916165000007,100.0,86.0,45.0
FULL,8,1830,32,Qwen/Qwen3-8B_decoding-mlp,33,2,1830,456020,1800,1.8036,225,268.22020000000003,483.76195272000007,100.0,86.0,45.0
FULL,8,1830,32,Qwen/Qwen3-8B_decoding-mlp,34,0,1830,481625,1800,1.8037,225,268.0742,483.52543454000005,100.0,86.0,45.0
FULL,8,1830,32,Qwen/Qwen3-8B_decoding-mlp,34,1,1830,473983,1800,1.804,225,278.6164,502.6239856,100.0,86.0,45.0
FULL,8,1830,32,Qwen/Qwen3-8B_decoding-mlp,34,2,1830,473853,1800,1.8038,225,278.929,503.13213019999995,100.0,86.0,45.0
FULL,8,1830,32,Qwen/Qwen3-8B_decoding-mlp,35,0,1830,501144,1800,1.8039,225,278.9433,503.18581887000005,100.0,86.0,45.0
FULL,8,1830,32,Qwen/Qwen3-8B_decoding-mlp,35,1,1830,501101,1800,1.8039,225,278.9611,503.21792829,100.0,86.0,45.0
FULL,8,1830,32,Qwen/Qwen3-8B_decoding-mlp,35,2,1830,500777,1800,1.8039,225,277.5215,500.62103385,100.0,86.0,45.0
PIECEWISE,8,2130,32,Qwen/Qwen3-8B_prefill-mlp,0,0,2070,4825215,134400,10.2515,525,474.29585999999995,4862.2440087899995,100.0,41.0,56.08
PIECEWISE,8,2130,32,Qwen/Qwen3-8B_prefill-mlp,0,1,2070,4858355,134400,10.2497,525,477.3750784313726,4892.951341398039,100.0,41.0,58.568627450980394
PIECEWISE,8,2130,32,Qwen/Qwen3-8B_prefill-mlp,0,2,2070,4884451,134400,10.2509,525,479.6840000000001,4917.192715600001,100.0,41.0,60.16
FULL,8,2130,32,Qwen/Qwen3-8B_decoding-mlp,32,0,2130,639650,2096,2.0332,262,304.9476363636364,620.0195342545454,100.0,89.0,52.0
FULL,8,2130,32,Qwen/Qwen3-8B_decoding-mlp,32,1,2130,608328,2096,2.0334,262,304.5418181818182,619.2553330909091,100.0,89.0,51.27272727272727
FULL,8,2130,32,Qwen/Qwen3-8B_decoding-mlp,32,2,2130,607458,2096,2.0333,262,304.1650909090909,618.4588793454545,100.0,89.0,51.0
FULL,8,2130,32,Qwen/Qwen3-8B_decoding-mlp,33,0,2130,606989,2096,2.0333,262,303.40463636363637,616.9126471181819,100.0,89.0,50.45454545454545
FULL,8,2130,32,Qwen/Qwen3-8B_decoding-mlp,33,1,2130,605847,2096,2.0334,262,303.37745454545455,616.8877160727272,100.0,89.0,50.0
FULL,8,2130,32,Qwen/Qwen3-8B_decoding-mlp,33,2,2130,605875,2096,2.0333,262,303.0641818181818,616.2204008909091,100.0,89.0,50.0
FULL,8,2130,32,Qwen/Qwen3-8B_decoding-mlp,34,0,2130,604560,2096,2.0334,262,302.695909090909,615.5018615454544,100.0,89.0,49.0
FULL,8,2130,32,Qwen/Qwen3-8B_decoding-mlp,34,1,2130,604037,2096,2.0335,262,302.43899999999996,615.0097065,100.0,89.0,49.0
FULL,8,2130,32,Qwen/Qwen3-8B_decoding-mlp,34,2,2130,603783,2096,2.0334,262,302.2629090909091,614.6213993454545,100.0,89.0,49.0
FULL,8,2130,32,Qwen/Qwen3-8B_decoding-mlp,35,0,2130,574685,2096,2.0333,262,302.59972727272725,615.2760254636363,100.0,89.0,49.0
FULL,8,2130,32,Qwen/Qwen3-8B_decoding-mlp,35,1,2130,604000,2096,2.0334,262,302.19672727272723,614.4868252363635,100.0,89.0,48.0
FULL,8,2130,32,Qwen/Qwen3-8B_decoding-mlp,35,2,2130,603353,2096,2.0333,262,302.1787272727272,614.4200061636362,100.0,89.0,48.0
PIECEWISE,8,2430,32,Qwen/Qwen3-8B_prefill-mlp,0,0,2292,6293019,153600,10.5772,600,600.6415,6353.105273799999,100.0,46.0,64.07692307692308
PIECEWISE,8,2430,32,Qwen/Qwen3-8B_prefill-mlp,0,1,2282,6360034,153600,10.6221,600,600.2526538461539,6375.943714419231,100.0,45.53846153846154,67.32692307692308
PIECEWISE,8,2430,32,Qwen/Qwen3-8B_prefill-mlp,0,2,2272,6302087,153600,10.6596,600,599.9888076923077,6395.640694476922,100.0,45.0,69.13461538461539
FULL,8,2430,32,Qwen/Qwen3-8B_decoding-mlp,32,0,2422,810948,2400,2.3049,300,368.84133333333335,850.1423892,100.0,90.0,60.0
FULL,8,2430,32,Qwen/Qwen3-8B_decoding-mlp,32,1,2422,844912,2400,2.3049,300,367.71191666666664,847.5391967249999,100.0,90.0,59.0
FULL,8,2430,32,Qwen/Qwen3-8B_decoding-mlp,32,2,2422,842769,2400,2.305,300,366.8754166666667,845.6478354166668,100.0,90.0,58.0
FULL,8,2430,32,Qwen/Qwen3-8B_decoding-mlp,33,0,2422,804628,2400,2.3048,300,365.94941666666665,843.4402155333333,100.0,90.0,57.583333333333336
FULL,8,2430,32,Qwen/Qwen3-8B_decoding-mlp,33,1,2422,838862,2400,2.3048,300,365.22991666666667,841.7819119333334,100.0,90.0,57.0
FULL,8,2430,32,Qwen/Qwen3-8B_decoding-mlp,33,2,2422,837475,2400,2.3048,300,364.60474999999997,840.3410278,100.0,90.0,56.416666666666664
FULL,8,2430,32,Qwen/Qwen3-8B_decoding-mlp,34,0,2422,800028,2400,2.3047,300,363.94958333333335,838.7946047083334,100.0,90.0,56.0
FULL,8,2430,32,Qwen/Qwen3-8B_decoding-mlp,34,1,2422,798856,2400,2.3047,300,363.3053333333334,837.3098017333335,100.0,90.0,56.0
FULL,8,2430,32,Qwen/Qwen3-8B_decoding-mlp,34,2,2422,833336,2400,2.3047,300,362.79249999999996,836.1278747499999,100.0,90.0,55.0
FULL,8,2430,32,Qwen/Qwen3-8B_decoding-mlp,35,0,2422,832651,2400,2.3046,300,362.48933333333326,835.3929175999999,100.0,90.0,55.0
FULL,8,2430,32,Qwen/Qwen3-8B_decoding-mlp,35,1,2422,796277,2400,2.3045,300,362.16333333333324,834.6054016666665,100.0,90.0,55.0
FULL,8,2430,32,Qwen/Qwen3-8B_decoding-mlp,35,2,2422,830961,2400,2.3046,300,361.68850000000003,833.5473171000001,100.0,90.0,54.0
