cudagraph_mode,batch_size,target_sm_clock,input_len,model_name,avg_temperature_C
NONE,16,2430,8192,Qwen/Qwen3-8B_prefill-all,63.925448028673834
FULL,16,2430,8192,Qwen/Qwen3-8B_decoding-all,56.229166666666664
NONE,16,2130,8192,Qwen/Qwen3-8B_prefill-all,68.19791666666667
FULL,16,2130,8192,Qwen/Qwen3-8B_decoding-all,54.97727272727273
NONE,16,1830,8192,Qwen/Qwen3-8B_prefill-all,61.074074074074076
FULL,16,1830,8192,Qwen/Qwen3-8B_decoding-all,50.666666666666664
NONE,16,1530,8192,Qwen/Qwen3-8B_prefill-all,51.834256183093395
FULL,16,1530,8192,Qwen/Qwen3-8B_decoding-all,44.75833333333333
NONE,16,1230,8192,Qwen/Qwen3-8B_prefill-all,45.43589743589744
FULL,16,1230,8192,Qwen/Qwen3-8B_decoding-all,40.583333333333336
NONE,16,930,8192,Qwen/Qwen3-8B_prefill-all,40.93809523809524
FULL,16,930,8192,Qwen/Qwen3-8B_decoding-all,37.327777777777776
NONE,16,2430,4096,Qwen/Qwen3-8B_prefill-all,61.42857142857142
FULL,16,2430,4096,Qwen/Qwen3-8B_decoding-all,54.513888888888886
NONE,16,2130,4096,Qwen/Qwen3-8B_prefill-all,65.60000000000001
FULL,16,2130,4096,Qwen/Qwen3-8B_decoding-all,53.294696969696965
NONE,16,1830,4096,Qwen/Qwen3-8B_prefill-all,59.68627450980392
FULL,16,1830,4096,Qwen/Qwen3-8B_decoding-all,49.791666666666664
NONE,16,1530,4096,Qwen/Qwen3-8B_prefill-all,51.93333333333334
FULL,16,1530,4096,Qwen/Qwen3-8B_decoding-all,45.083333333333336
NONE,16,1230,4096,Qwen/Qwen3-8B_prefill-all,46.13944444444445
FULL,16,1230,4096,Qwen/Qwen3-8B_decoding-all,41.15740740740741
NONE,16,930,4096,Qwen/Qwen3-8B_prefill-all,41.816287878787875
FULL,16,930,4096,Qwen/Qwen3-8B_decoding-all,37.84444444444444
NONE,16,2430,2048,Qwen/Qwen3-8B_prefill-all,58.45000000000001
FULL,16,2430,2048,Qwen/Qwen3-8B_decoding-all,52.151515151515156
NONE,16,2130,2048,Qwen/Qwen3-8B_prefill-all,63.717460317460315
FULL,16,2130,2048,Qwen/Qwen3-8B_decoding-all,52.09166666666667
NONE,16,1830,2048,Qwen/Qwen3-8B_prefill-all,58.854166666666664
FULL,16,1830,2048,Qwen/Qwen3-8B_decoding-all,49.175925925925924
NONE,16,1530,2048,Qwen/Qwen3-8B_prefill-all,51.833333333333336
FULL,16,1530,2048,Qwen/Qwen3-8B_decoding-all,44.666666666666664
NONE,16,1230,2048,Qwen/Qwen3-8B_prefill-all,46.166666666666664
FULL,16,1230,2048,Qwen/Qwen3-8B_decoding-all,41.4537037037037
NONE,16,930,2048,Qwen/Qwen3-8B_prefill-all,42.229166666666664
FULL,16,930,2048,Qwen/Qwen3-8B_decoding-all,38.24404761904762
NONE,16,2430,1024,Qwen/Qwen3-8B_prefill-all,58.56862745098039
FULL,16,2430,1024,Qwen/Qwen3-8B_decoding-all,52.00694444444445
NONE,16,2130,1024,Qwen/Qwen3-8B_prefill-all,63.595238095238095
FULL,16,2130,1024,Qwen/Qwen3-8B_decoding-all,51.878787878787875
NONE,16,1830,1024,Qwen/Qwen3-8B_prefill-all,58.42094017094016
FULL,16,1830,1024,Qwen/Qwen3-8B_decoding-all,48.75833333333333
NONE,16,1530,1024,Qwen/Qwen3-8B_prefill-all,51.75555555555555
FULL,16,1530,1024,Qwen/Qwen3-8B_decoding-all,44.56111111111111
NONE,16,1230,1024,Qwen/Qwen3-8B_prefill-all,46.0
FULL,16,1230,1024,Qwen/Qwen3-8B_decoding-all,41.361111111111114
NONE,16,930,1024,Qwen/Qwen3-8B_prefill-all,42.2962962962963
FULL,16,930,1024,Qwen/Qwen3-8B_decoding-all,38.327777777777776
NONE,16,2430,512,Qwen/Qwen3-8B_prefill-all,55.333333333333336
FULL,16,2430,512,Qwen/Qwen3-8B_decoding-all,49.09090909090909
NONE,16,2130,512,Qwen/Qwen3-8B_prefill-all,60.5
FULL,16,2130,512,Qwen/Qwen3-8B_decoding-all,49.625
NONE,16,1830,512,Qwen/Qwen3-8B_prefill-all,56.14285714285714
FULL,16,1830,512,Qwen/Qwen3-8B_decoding-all,47.43518518518518
NONE,16,1530,512,Qwen/Qwen3-8B_prefill-all,50.291666666666664
FULL,16,1530,512,Qwen/Qwen3-8B_decoding-all,44.25
NONE,16,1230,512,Qwen/Qwen3-8B_prefill-all,46.0
FULL,16,1230,512,Qwen/Qwen3-8B_decoding-all,41.351851851851855
NONE,16,930,512,Qwen/Qwen3-8B_prefill-all,42.06666666666667
FULL,16,930,512,Qwen/Qwen3-8B_decoding-all,38.38690476190476
NONE,16,2430,256,Qwen/Qwen3-8B_prefill-all,56.00606060606061
FULL,16,2430,256,Qwen/Qwen3-8B_decoding-all,49.173611111111114
NONE,16,2130,256,Qwen/Qwen3-8B_prefill-all,60.166666666666664
FULL,16,2130,256,Qwen/Qwen3-8B_decoding-all,49.54545454545454
NONE,16,1830,256,Qwen/Qwen3-8B_prefill-all,55.9
FULL,16,1830,256,Qwen/Qwen3-8B_decoding-all,47.26666666666667
NONE,16,1530,256,Qwen/Qwen3-8B_prefill-all,50.0
FULL,16,1530,256,Qwen/Qwen3-8B_decoding-all,44.166666666666664
NONE,16,1230,256,Qwen/Qwen3-8B_prefill-all,45.93333333333334
FULL,16,1230,256,Qwen/Qwen3-8B_decoding-all,41.083333333333336
NONE,16,930,256,Qwen/Qwen3-8B_prefill-all,42.0
FULL,16,930,256,Qwen/Qwen3-8B_decoding-all,38.25
NONE,16,2430,8192,nvidia/Qwen3-8B-NVFP4_prefill-all,56.5625
FULL,16,2430,8192,nvidia/Qwen3-8B-NVFP4_decoding-all,49.083333333333336
NONE,16,2130,8192,nvidia/Qwen3-8B-NVFP4_prefill-all,57.86274509803922
FULL,16,2130,8192,nvidia/Qwen3-8B-NVFP4_decoding-all,47.416666666666664
NONE,16,1830,8192,nvidia/Qwen3-8B-NVFP4_prefill-all,52.614035087719294
FULL,16,1830,8192,nvidia/Qwen3-8B-NVFP4_decoding-all,44.583333333333336
NONE,16,1530,8192,nvidia/Qwen3-8B-NVFP4_prefill-all,46.196969696969695
FULL,16,1530,8192,nvidia/Qwen3-8B-NVFP4_decoding-all,40.75
NONE,16,1230,8192,nvidia/Qwen3-8B-NVFP4_prefill-all,42.684710351377014
FULL,16,1230,8192,nvidia/Qwen3-8B-NVFP4_decoding-all,37.0
NONE,16,930,8192,nvidia/Qwen3-8B-NVFP4_prefill-all,37.47058823529412
FULL,16,930,8192,nvidia/Qwen3-8B-NVFP4_decoding-all,33.333333333333336
NONE,16,2430,4096,nvidia/Qwen3-8B-NVFP4_prefill-all,51.84615384615385
FULL,16,2430,4096,nvidia/Qwen3-8B-NVFP4_decoding-all,45.10833333333333
NONE,16,2130,4096,nvidia/Qwen3-8B-NVFP4_prefill-all,53.708333333333336
FULL,16,2130,4096,nvidia/Qwen3-8B-NVFP4_decoding-all,44.48148148148149
NONE,16,1830,4096,nvidia/Qwen3-8B-NVFP4_prefill-all,49.888888888888886
FULL,16,1830,4096,nvidia/Qwen3-8B-NVFP4_decoding-all,42.648148148148145
NONE,16,1530,4096,nvidia/Qwen3-8B-NVFP4_prefill-all,45.06666666666666
FULL,16,1530,4096,nvidia/Qwen3-8B-NVFP4_decoding-all,39.53819444444445
NONE,16,1230,4096,nvidia/Qwen3-8B-NVFP4_prefill-all,41.84848484848485
FULL,16,1230,4096,nvidia/Qwen3-8B-NVFP4_decoding-all,36.28125
NONE,16,930,4096,nvidia/Qwen3-8B-NVFP4_prefill-all,37.406349206349205
FULL,16,930,4096,nvidia/Qwen3-8B-NVFP4_decoding-all,32.94047619047619
NONE,16,2430,2048,nvidia/Qwen3-8B-NVFP4_prefill-all,49.03333333333333
FULL,16,2430,2048,nvidia/Qwen3-8B-NVFP4_decoding-all,43.111111111111114
NONE,16,2130,2048,nvidia/Qwen3-8B-NVFP4_prefill-all,51.38095238095239
FULL,16,2130,2048,nvidia/Qwen3-8B-NVFP4_decoding-all,43.916666666666664
NONE,16,1830,2048,nvidia/Qwen3-8B-NVFP4_prefill-all,48.833333333333336
FULL,16,1830,2048,nvidia/Qwen3-8B-NVFP4_decoding-all,41.427083333333336
NONE,16,1530,2048,nvidia/Qwen3-8B-NVFP4_prefill-all,44.333333333333336
FULL,16,1530,2048,nvidia/Qwen3-8B-NVFP4_decoding-all,38.53125
NONE,16,1230,2048,nvidia/Qwen3-8B-NVFP4_prefill-all,40.888888888888886
FULL,16,1230,2048,nvidia/Qwen3-8B-NVFP4_decoding-all,35.51190476190476
NONE,16,930,2048,nvidia/Qwen3-8B-NVFP4_prefill-all,37.0
FULL,16,930,2048,nvidia/Qwen3-8B-NVFP4_decoding-all,32.52564102564103
NONE,16,2430,1024,nvidia/Qwen3-8B-NVFP4_prefill-all,48.166666666666664
FULL,16,2430,1024,nvidia/Qwen3-8B-NVFP4_decoding-all,41.94444444444444
NONE,16,2130,1024,nvidia/Qwen3-8B-NVFP4_prefill-all,50.333333333333336
FULL,16,2130,1024,nvidia/Qwen3-8B-NVFP4_decoding-all,43.02546296296296
NONE,16,1830,1024,nvidia/Qwen3-8B-NVFP4_prefill-all,47.888888888888886
FULL,16,1830,1024,nvidia/Qwen3-8B-NVFP4_decoding-all,40.208333333333336
NONE,16,1530,1024,nvidia/Qwen3-8B-NVFP4_prefill-all,44.095238095238095
FULL,16,1530,1024,nvidia/Qwen3-8B-NVFP4_decoding-all,37.59375
NONE,16,1230,1024,nvidia/Qwen3-8B-NVFP4_prefill-all,40.0
FULL,16,1230,1024,nvidia/Qwen3-8B-NVFP4_decoding-all,34.604166666666664
NONE,16,930,1024,nvidia/Qwen3-8B-NVFP4_prefill-all,36.0
FULL,16,930,1024,nvidia/Qwen3-8B-NVFP4_decoding-all,31.64102564102564
NONE,16,2430,512,nvidia/Qwen3-8B-NVFP4_prefill-all,44.68333333333334
FULL,16,2430,512,nvidia/Qwen3-8B-NVFP4_decoding-all,38.84606481481482
NONE,16,2130,512,nvidia/Qwen3-8B-NVFP4_prefill-all,47.25
FULL,16,2130,512,nvidia/Qwen3-8B-NVFP4_decoding-all,40.0
NONE,16,1830,512,nvidia/Qwen3-8B-NVFP4_prefill-all,45.72222222222222
FULL,16,1830,512,nvidia/Qwen3-8B-NVFP4_decoding-all,38.333333333333336
NONE,16,1530,512,nvidia/Qwen3-8B-NVFP4_prefill-all,42.833333333333336
FULL,16,1530,512,nvidia/Qwen3-8B-NVFP4_decoding-all,36.166666666666664
NONE,16,1230,512,nvidia/Qwen3-8B-NVFP4_prefill-all,38.666666666666664
FULL,16,1230,512,nvidia/Qwen3-8B-NVFP4_decoding-all,33.523809523809526
NONE,16,930,512,nvidia/Qwen3-8B-NVFP4_prefill-all,34.833333333333336
FULL,16,930,512,nvidia/Qwen3-8B-NVFP4_decoding-all,30.92948717948718
NONE,16,2430,256,nvidia/Qwen3-8B-NVFP4_prefill-all,44.74444444444445
FULL,16,2430,256,nvidia/Qwen3-8B-NVFP4_decoding-all,38.574074074074076
NONE,16,2130,256,nvidia/Qwen3-8B-NVFP4_prefill-all,47.28333333333333
FULL,16,2130,256,nvidia/Qwen3-8B-NVFP4_decoding-all,40.0
NONE,16,1830,256,nvidia/Qwen3-8B-NVFP4_prefill-all,44.138888888888886
FULL,16,1830,256,nvidia/Qwen3-8B-NVFP4_decoding-all,37.71875
NONE,16,1530,256,nvidia/Qwen3-8B-NVFP4_prefill-all,42.75
FULL,16,1530,256,nvidia/Qwen3-8B-NVFP4_decoding-all,35.53125
NONE,16,1230,256,nvidia/Qwen3-8B-NVFP4_prefill-all,38.0
FULL,16,1230,256,nvidia/Qwen3-8B-NVFP4_decoding-all,33.1875
NONE,16,930,256,nvidia/Qwen3-8B-NVFP4_prefill-all,34.833333333333336
FULL,16,930,256,nvidia/Qwen3-8B-NVFP4_decoding-all,30.541666666666668
NONE,16,2430,8192,nvidia/Qwen3-8B-FP8_prefill-all,60.25396825396825
FULL,16,2430,8192,nvidia/Qwen3-8B-FP8_decoding-all,52.416666666666664
NONE,16,2130,8192,nvidia/Qwen3-8B-FP8_prefill-all,64.90476190476191
FULL,16,2130,8192,nvidia/Qwen3-8B-FP8_decoding-all,52.099074074074075
NONE,16,1830,8192,nvidia/Qwen3-8B-FP8_prefill-all,58.833333333333336
FULL,16,1830,8192,nvidia/Qwen3-8B-FP8_decoding-all,48.324074074074076
NONE,16,1530,8192,nvidia/Qwen3-8B-FP8_prefill-all,50.53703703703704
FULL,16,1530,8192,nvidia/Qwen3-8B-FP8_decoding-all,43.510416666666664
NONE,16,1230,8192,nvidia/Qwen3-8B-FP8_prefill-all,44.382352941176464
FULL,16,1230,8192,nvidia/Qwen3-8B-FP8_decoding-all,38.791666666666664
NONE,16,930,8192,nvidia/Qwen3-8B-FP8_prefill-all,39.40319865319865
FULL,16,930,8192,nvidia/Qwen3-8B-FP8_decoding-all,35.19230769230769
NONE,16,2430,4096,nvidia/Qwen3-8B-FP8_prefill-all,55.7962962962963
FULL,16,2430,4096,nvidia/Qwen3-8B-FP8_decoding-all,48.394444444444446
NONE,16,2130,4096,nvidia/Qwen3-8B-FP8_prefill-all,60.025925925925925
FULL,16,2130,4096,nvidia/Qwen3-8B-FP8_decoding-all,48.12268518518518
NONE,16,1830,4096,nvidia/Qwen3-8B-FP8_prefill-all,55.72727272727273
FULL,16,1830,4096,nvidia/Qwen3-8B-FP8_decoding-all,45.6875
NONE,16,1530,4096,nvidia/Qwen3-8B-FP8_prefill-all,48.93589743589744
FULL,16,1530,4096,nvidia/Qwen3-8B-FP8_decoding-all,42.714285714285715
NONE,16,1230,4096,nvidia/Qwen3-8B-FP8_prefill-all,44.17777777777778
FULL,16,1230,4096,nvidia/Qwen3-8B-FP8_decoding-all,38.67857142857142
NONE,16,930,4096,nvidia/Qwen3-8B-FP8_prefill-all,39.733333333333334
FULL,16,930,4096,nvidia/Qwen3-8B-FP8_decoding-all,35.05555555555556
NONE,16,2430,2048,nvidia/Qwen3-8B-FP8_prefill-all,52.61538461538461
FULL,16,2430,2048,nvidia/Qwen3-8B-FP8_decoding-all,45.53703703703704
NONE,16,2130,2048,nvidia/Qwen3-8B-FP8_prefill-all,58.51851851851851
FULL,16,2130,2048,nvidia/Qwen3-8B-FP8_decoding-all,46.333333333333336
NONE,16,1830,2048,nvidia/Qwen3-8B-FP8_prefill-all,54.76666666666667
FULL,16,1830,2048,nvidia/Qwen3-8B-FP8_decoding-all,44.666666666666664
NONE,16,1530,2048,nvidia/Qwen3-8B-FP8_prefill-all,48.55555555555555
FULL,16,1530,2048,nvidia/Qwen3-8B-FP8_decoding-all,41.85714285714286
NONE,16,1230,2048,nvidia/Qwen3-8B-FP8_prefill-all,44.13095238095238
FULL,16,1230,2048,nvidia/Qwen3-8B-FP8_decoding-all,38.476190476190474
NONE,16,930,2048,nvidia/Qwen3-8B-FP8_prefill-all,40.0
FULL,16,930,2048,nvidia/Qwen3-8B-FP8_decoding-all,35.04545454545455
NONE,16,2430,1024,nvidia/Qwen3-8B-FP8_prefill-all,53.16060606060606
FULL,16,2430,1024,nvidia/Qwen3-8B-FP8_decoding-all,45.129629629629626
NONE,16,2130,1024,nvidia/Qwen3-8B-FP8_prefill-all,57.074074074074076
FULL,16,2130,1024,nvidia/Qwen3-8B-FP8_decoding-all,45.416666666666664
NONE,16,1830,1024,nvidia/Qwen3-8B-FP8_prefill-all,52.791666666666664
FULL,16,1830,1024,nvidia/Qwen3-8B-FP8_decoding-all,43.654761904761905
NONE,16,1530,1024,nvidia/Qwen3-8B-FP8_prefill-all,47.074074074074076
FULL,16,1530,1024,nvidia/Qwen3-8B-FP8_decoding-all,40.833333333333336
NONE,16,1230,1024,nvidia/Qwen3-8B-FP8_prefill-all,43.80952380952382
FULL,16,1230,1024,nvidia/Qwen3-8B-FP8_decoding-all,37.595238095238095
NONE,16,930,1024,nvidia/Qwen3-8B-FP8_prefill-all,39.0
FULL,16,930,1024,nvidia/Qwen3-8B-FP8_decoding-all,34.446969696969695
NONE,16,2430,512,nvidia/Qwen3-8B-FP8_prefill-all,50.55555555555555
FULL,16,2430,512,nvidia/Qwen3-8B-FP8_decoding-all,43.104166666666664
NONE,16,2130,512,nvidia/Qwen3-8B-FP8_prefill-all,54.13333333333333
FULL,16,2130,512,nvidia/Qwen3-8B-FP8_decoding-all,43.885416666666664
NONE,16,1830,512,nvidia/Qwen3-8B-FP8_prefill-all,50.833333333333336
FULL,16,1830,512,nvidia/Qwen3-8B-FP8_decoding-all,42.5
NONE,16,1530,512,nvidia/Qwen3-8B-FP8_prefill-all,46.0
FULL,16,1530,512,nvidia/Qwen3-8B-FP8_decoding-all,40.19047619047619
NONE,16,1230,512,nvidia/Qwen3-8B-FP8_prefill-all,42.73333333333333
FULL,16,1230,512,nvidia/Qwen3-8B-FP8_decoding-all,37.30555555555555
NONE,16,930,512,nvidia/Qwen3-8B-FP8_prefill-all,38.77777777777778
FULL,16,930,512,nvidia/Qwen3-8B-FP8_decoding-all,34.40909090909091
NONE,16,2430,256,nvidia/Qwen3-8B-FP8_prefill-all,50.24603174603175
FULL,16,2430,256,nvidia/Qwen3-8B-FP8_decoding-all,43.2962962962963
NONE,16,2130,256,nvidia/Qwen3-8B-FP8_prefill-all,53.285714285714285
FULL,16,2130,256,nvidia/Qwen3-8B-FP8_decoding-all,44.0
NONE,16,1830,256,nvidia/Qwen3-8B-FP8_prefill-all,50.77777777777778
FULL,16,1830,256,nvidia/Qwen3-8B-FP8_decoding-all,42.535714285714285
NONE,16,1530,256,nvidia/Qwen3-8B-FP8_prefill-all,46.0
FULL,16,1530,256,nvidia/Qwen3-8B-FP8_decoding-all,40.11904761904762
NONE,16,1230,256,nvidia/Qwen3-8B-FP8_prefill-all,42.888888888888886
FULL,16,1230,256,nvidia/Qwen3-8B-FP8_decoding-all,37.166666666666664
NONE,16,930,256,nvidia/Qwen3-8B-FP8_prefill-all,38.32222222222222
FULL,16,930,256,nvidia/Qwen3-8B-FP8_decoding-all,34.333333333333336
NONE,16,2430,8192,JunHowie/Qwen3-8B-GPTQ-Int8_prefill-all,63.57142857142858
FULL,16,2430,8192,JunHowie/Qwen3-8B-GPTQ-Int8_decoding-all,55.06666666666666
NONE,16,2130,8192,JunHowie/Qwen3-8B-GPTQ-Int8_prefill-all,62.47863247863248
FULL,16,2130,8192,JunHowie/Qwen3-8B-GPTQ-Int8_decoding-all,51.611111111111114
NONE,16,1830,8192,JunHowie/Qwen3-8B-GPTQ-Int8_prefill-all,54.992592592592594
FULL,16,1830,8192,JunHowie/Qwen3-8B-GPTQ-Int8_decoding-all,46.78125
NONE,16,1530,8192,JunHowie/Qwen3-8B-GPTQ-Int8_prefill-all,46.24528301886792
FULL,16,1530,8192,JunHowie/Qwen3-8B-GPTQ-Int8_decoding-all,42.0
NONE,16,1230,8192,JunHowie/Qwen3-8B-GPTQ-Int8_prefill-all,42.302083333333336
FULL,16,1230,8192,JunHowie/Qwen3-8B-GPTQ-Int8_decoding-all,37.666666666666664
NONE,16,930,8192,JunHowie/Qwen3-8B-GPTQ-Int8_prefill-all,36.28888888888889
FULL,16,930,8192,JunHowie/Qwen3-8B-GPTQ-Int8_decoding-all,34.0
NONE,16,2430,4096,JunHowie/Qwen3-8B-GPTQ-Int8_prefill-all,61.30303030303031
FULL,16,2430,4096,JunHowie/Qwen3-8B-GPTQ-Int8_decoding-all,53.21296296296296
NONE,16,2130,4096,JunHowie/Qwen3-8B-GPTQ-Int8_prefill-all,60.57894736842105
FULL,16,2130,4096,JunHowie/Qwen3-8B-GPTQ-Int8_decoding-all,50.364583333333336
NONE,16,1830,4096,JunHowie/Qwen3-8B-GPTQ-Int8_prefill-all,54.54978354978355
FULL,16,1830,4096,JunHowie/Qwen3-8B-GPTQ-Int8_decoding-all,46.302083333333336
NONE,16,1530,4096,JunHowie/Qwen3-8B-GPTQ-Int8_prefill-all,47.080000000000005
FULL,16,1530,4096,JunHowie/Qwen3-8B-GPTQ-Int8_decoding-all,42.25
NONE,16,1230,4096,JunHowie/Qwen3-8B-GPTQ-Int8_prefill-all,43.13333333333333
FULL,16,1230,4096,JunHowie/Qwen3-8B-GPTQ-Int8_decoding-all,38.26190476190476
NONE,16,930,4096,JunHowie/Qwen3-8B-GPTQ-Int8_prefill-all,37.26190476190476
FULL,16,930,4096,JunHowie/Qwen3-8B-GPTQ-Int8_decoding-all,34.145833333333336
NONE,16,2430,2048,JunHowie/Qwen3-8B-GPTQ-Int8_prefill-all,58.23611111111111
FULL,16,2430,2048,JunHowie/Qwen3-8B-GPTQ-Int8_decoding-all,50.135416666666664
NONE,16,2130,2048,JunHowie/Qwen3-8B-GPTQ-Int8_prefill-all,58.68518518518518
FULL,16,2130,2048,JunHowie/Qwen3-8B-GPTQ-Int8_decoding-all,49.047619047619044
NONE,16,1830,2048,JunHowie/Qwen3-8B-GPTQ-Int8_prefill-all,53.79365079365079
FULL,16,1830,2048,JunHowie/Qwen3-8B-GPTQ-Int8_decoding-all,45.833333333333336
NONE,16,1530,2048,JunHowie/Qwen3-8B-GPTQ-Int8_prefill-all,47.12820512820513
FULL,16,1530,2048,JunHowie/Qwen3-8B-GPTQ-Int8_decoding-all,42.42857142857142
NONE,16,1230,2048,JunHowie/Qwen3-8B-GPTQ-Int8_prefill-all,43.800000000000004
FULL,16,1230,2048,JunHowie/Qwen3-8B-GPTQ-Int8_decoding-all,38.763888888888886
NONE,16,930,2048,JunHowie/Qwen3-8B-GPTQ-Int8_prefill-all,38.25396825396825
FULL,16,930,2048,JunHowie/Qwen3-8B-GPTQ-Int8_decoding-all,35.074999999999996
NONE,16,2430,1024,JunHowie/Qwen3-8B-GPTQ-Int8_prefill-all,58.050000000000004
FULL,16,2430,1024,JunHowie/Qwen3-8B-GPTQ-Int8_decoding-all,50.083333333333336
NONE,16,2130,1024,JunHowie/Qwen3-8B-GPTQ-Int8_prefill-all,58.574074074074076
FULL,16,2130,1024,JunHowie/Qwen3-8B-GPTQ-Int8_decoding-all,48.86904761904762
NONE,16,1830,1024,JunHowie/Qwen3-8B-GPTQ-Int8_prefill-all,53.570833333333326
FULL,16,1830,1024,JunHowie/Qwen3-8B-GPTQ-Int8_decoding-all,45.67857142857142
NONE,16,1530,1024,JunHowie/Qwen3-8B-GPTQ-Int8_prefill-all,47.24074074074074
FULL,16,1530,1024,JunHowie/Qwen3-8B-GPTQ-Int8_decoding-all,42.333333333333336
NONE,16,1230,1024,JunHowie/Qwen3-8B-GPTQ-Int8_prefill-all,43.84444444444444
FULL,16,1230,1024,JunHowie/Qwen3-8B-GPTQ-Int8_decoding-all,38.61904761904762
NONE,16,930,1024,JunHowie/Qwen3-8B-GPTQ-Int8_prefill-all,38.6060606060606
FULL,16,930,1024,JunHowie/Qwen3-8B-GPTQ-Int8_decoding-all,35.266666666666666
NONE,16,2430,512,JunHowie/Qwen3-8B-GPTQ-Int8_prefill-all,54.172727272727265
FULL,16,2430,512,JunHowie/Qwen3-8B-GPTQ-Int8_decoding-all,45.904761904761905
NONE,16,2130,512,JunHowie/Qwen3-8B-GPTQ-Int8_prefill-all,54.870370370370374
FULL,16,2130,512,JunHowie/Qwen3-8B-GPTQ-Int8_decoding-all,46.0
NONE,16,1830,512,JunHowie/Qwen3-8B-GPTQ-Int8_prefill-all,51.458333333333336
FULL,16,1830,512,JunHowie/Qwen3-8B-GPTQ-Int8_decoding-all,44.51190476190476
NONE,16,1530,512,JunHowie/Qwen3-8B-GPTQ-Int8_prefill-all,46.50370370370371
FULL,16,1530,512,JunHowie/Qwen3-8B-GPTQ-Int8_decoding-all,41.666666666666664
NONE,16,1230,512,JunHowie/Qwen3-8B-GPTQ-Int8_prefill-all,43.125
FULL,16,1230,512,JunHowie/Qwen3-8B-GPTQ-Int8_decoding-all,38.458333333333336
NONE,16,930,512,JunHowie/Qwen3-8B-GPTQ-Int8_prefill-all,38.72222222222222
FULL,16,930,512,JunHowie/Qwen3-8B-GPTQ-Int8_decoding-all,35.34259259259259
NONE,16,2430,256,JunHowie/Qwen3-8B-GPTQ-Int8_prefill-all,54.083333333333336
FULL,16,2430,256,JunHowie/Qwen3-8B-GPTQ-Int8_decoding-all,45.989583333333336
NONE,16,2130,256,JunHowie/Qwen3-8B-GPTQ-Int8_prefill-all,55.36363636363637
FULL,16,2130,256,JunHowie/Qwen3-8B-GPTQ-Int8_decoding-all,46.07142857142858
NONE,16,1830,256,JunHowie/Qwen3-8B-GPTQ-Int8_prefill-all,51.66919191919192
FULL,16,1830,256,JunHowie/Qwen3-8B-GPTQ-Int8_decoding-all,44.404761904761905
NONE,16,1530,256,JunHowie/Qwen3-8B-GPTQ-Int8_prefill-all,46.93939393939394
FULL,16,1530,256,JunHowie/Qwen3-8B-GPTQ-Int8_decoding-all,41.625
NONE,16,1230,256,JunHowie/Qwen3-8B-GPTQ-Int8_prefill-all,43.3939393939394
FULL,16,1230,256,JunHowie/Qwen3-8B-GPTQ-Int8_decoding-all,38.416666666666664
NONE,16,930,256,JunHowie/Qwen3-8B-GPTQ-Int8_prefill-all,38.666666666666664
FULL,16,930,256,JunHowie/Qwen3-8B-GPTQ-Int8_decoding-all,35.166666666666664
NONE,16,2430,8192,JunHowie/Qwen3-8B-GPTQ-Int4_prefill-all,63.155913978494624
FULL,16,2430,8192,JunHowie/Qwen3-8B-GPTQ-Int4_decoding-all,55.28703703703704
NONE,16,2130,8192,JunHowie/Qwen3-8B-GPTQ-Int4_prefill-all,62.98095238095238
FULL,16,2130,8192,JunHowie/Qwen3-8B-GPTQ-Int4_decoding-all,52.416666666666664
NONE,16,1830,8192,JunHowie/Qwen3-8B-GPTQ-Int4_prefill-all,55.64166666666667
FULL,16,1830,8192,JunHowie/Qwen3-8B-GPTQ-Int4_decoding-all,47.416666666666664
NONE,16,1530,8192,JunHowie/Qwen3-8B-GPTQ-Int4_prefill-all,47.035460992907794
FULL,16,1530,8192,JunHowie/Qwen3-8B-GPTQ-Int4_decoding-all,42.595238095238095
NONE,16,1230,8192,JunHowie/Qwen3-8B-GPTQ-Int4_prefill-all,42.940108892921955
FULL,16,1230,8192,JunHowie/Qwen3-8B-GPTQ-Int4_decoding-all,38.333333333333336
NONE,16,930,8192,JunHowie/Qwen3-8B-GPTQ-Int4_prefill-all,36.675
FULL,16,930,8192,JunHowie/Qwen3-8B-GPTQ-Int4_decoding-all,34.513888888888886
NONE,16,2430,4096,JunHowie/Qwen3-8B-GPTQ-Int4_prefill-all,61.51724137931035
FULL,16,2430,4096,JunHowie/Qwen3-8B-GPTQ-Int4_decoding-all,53.5
NONE,16,2130,4096,JunHowie/Qwen3-8B-GPTQ-Int4_prefill-all,60.80392156862745
FULL,16,2130,4096,JunHowie/Qwen3-8B-GPTQ-Int4_decoding-all,50.952380952380956
NONE,16,1830,4096,JunHowie/Qwen3-8B-GPTQ-Int4_prefill-all,54.771929824561404
FULL,16,1830,4096,JunHowie/Qwen3-8B-GPTQ-Int4_decoding-all,47.05952380952382
NONE,16,1530,4096,JunHowie/Qwen3-8B-GPTQ-Int4_prefill-all,47.51515151515152
FULL,16,1530,4096,JunHowie/Qwen3-8B-GPTQ-Int4_decoding-all,43.111111111111114
NONE,16,1230,4096,JunHowie/Qwen3-8B-GPTQ-Int4_prefill-all,43.5679012345679
FULL,16,1230,4096,JunHowie/Qwen3-8B-GPTQ-Int4_decoding-all,38.833333333333336
NONE,16,930,4096,JunHowie/Qwen3-8B-GPTQ-Int4_prefill-all,37.666666666666664
FULL,16,930,4096,JunHowie/Qwen3-8B-GPTQ-Int4_decoding-all,35.0
NONE,16,2430,2048,JunHowie/Qwen3-8B-GPTQ-Int4_prefill-all,58.25396825396825
FULL,16,2430,2048,JunHowie/Qwen3-8B-GPTQ-Int4_decoding-all,50.083333333333336
NONE,16,2130,2048,JunHowie/Qwen3-8B-GPTQ-Int4_prefill-all,58.520833333333336
FULL,16,2130,2048,JunHowie/Qwen3-8B-GPTQ-Int4_decoding-all,49.375
NONE,16,1830,2048,JunHowie/Qwen3-8B-GPTQ-Int4_prefill-all,53.833333333333336
FULL,16,1830,2048,JunHowie/Qwen3-8B-GPTQ-Int4_decoding-all,46.486111111111114
NONE,16,1530,2048,JunHowie/Qwen3-8B-GPTQ-Int4_prefill-all,47.6060606060606
FULL,16,1530,2048,JunHowie/Qwen3-8B-GPTQ-Int4_decoding-all,43.166666666666664
NONE,16,1230,2048,JunHowie/Qwen3-8B-GPTQ-Int4_prefill-all,43.857142857142854
FULL,16,1230,2048,JunHowie/Qwen3-8B-GPTQ-Int4_decoding-all,39.31666666666667
NONE,16,930,2048,JunHowie/Qwen3-8B-GPTQ-Int4_prefill-all,38.473684210526315
FULL,16,930,2048,JunHowie/Qwen3-8B-GPTQ-Int4_decoding-all,35.333333333333336
NONE,16,2430,1024,JunHowie/Qwen3-8B-GPTQ-Int4_prefill-all,58.388888888888886
FULL,16,2430,1024,JunHowie/Qwen3-8B-GPTQ-Int4_decoding-all,50.083333333333336
NONE,16,2130,1024,JunHowie/Qwen3-8B-GPTQ-Int4_prefill-all,58.395833333333336
FULL,16,2130,1024,JunHowie/Qwen3-8B-GPTQ-Int4_decoding-all,49.208333333333336
NONE,16,1830,1024,JunHowie/Qwen3-8B-GPTQ-Int4_prefill-all,53.785714285714285
FULL,16,1830,1024,JunHowie/Qwen3-8B-GPTQ-Int4_decoding-all,46.125
NONE,16,1530,1024,JunHowie/Qwen3-8B-GPTQ-Int4_prefill-all,47.625
FULL,16,1530,1024,JunHowie/Qwen3-8B-GPTQ-Int4_decoding-all,42.85
NONE,16,1230,1024,JunHowie/Qwen3-8B-GPTQ-Int4_prefill-all,43.94871794871795
FULL,16,1230,1024,JunHowie/Qwen3-8B-GPTQ-Int4_decoding-all,39.31666666666667
NONE,16,930,1024,JunHowie/Qwen3-8B-GPTQ-Int4_prefill-all,39.0
FULL,16,930,1024,JunHowie/Qwen3-8B-GPTQ-Int4_decoding-all,35.625
NONE,16,2430,512,JunHowie/Qwen3-8B-GPTQ-Int4_prefill-all,54.925925925925924
FULL,16,2430,512,JunHowie/Qwen3-8B-GPTQ-Int4_decoding-all,46.38333333333333
NONE,16,2130,512,JunHowie/Qwen3-8B-GPTQ-Int4_prefill-all,54.48148148148149
FULL,16,2130,512,JunHowie/Qwen3-8B-GPTQ-Int4_decoding-all,46.13333333333333
NONE,16,1830,512,JunHowie/Qwen3-8B-GPTQ-Int4_prefill-all,51.0
FULL,16,1830,512,JunHowie/Qwen3-8B-GPTQ-Int4_decoding-all,44.416666666666664
NONE,16,1530,512,JunHowie/Qwen3-8B-GPTQ-Int4_prefill-all,46.125
FULL,16,1530,512,JunHowie/Qwen3-8B-GPTQ-Int4_decoding-all,42.03333333333333
NONE,16,1230,512,JunHowie/Qwen3-8B-GPTQ-Int4_prefill-all,43.38095238095238
FULL,16,1230,512,JunHowie/Qwen3-8B-GPTQ-Int4_decoding-all,38.9
NONE,16,930,512,JunHowie/Qwen3-8B-GPTQ-Int4_prefill-all,39.0
FULL,16,930,512,JunHowie/Qwen3-8B-GPTQ-Int4_decoding-all,35.6875
NONE,16,2430,256,JunHowie/Qwen3-8B-GPTQ-Int4_prefill-all,54.878787878787875
FULL,16,2430,256,JunHowie/Qwen3-8B-GPTQ-Int4_decoding-all,46.166666666666664
NONE,16,2130,256,JunHowie/Qwen3-8B-GPTQ-Int4_prefill-all,54.53333333333333
FULL,16,2130,256,JunHowie/Qwen3-8B-GPTQ-Int4_decoding-all,46.083333333333336
NONE,16,1830,256,JunHowie/Qwen3-8B-GPTQ-Int4_prefill-all,51.0
FULL,16,1830,256,JunHowie/Qwen3-8B-GPTQ-Int4_decoding-all,44.31666666666666
NONE,16,1530,256,JunHowie/Qwen3-8B-GPTQ-Int4_prefill-all,46.0
FULL,16,1530,256,JunHowie/Qwen3-8B-GPTQ-Int4_decoding-all,41.666666666666664
NONE,16,1230,256,JunHowie/Qwen3-8B-GPTQ-Int4_prefill-all,43.06666666666666
FULL,16,1230,256,JunHowie/Qwen3-8B-GPTQ-Int4_decoding-all,38.5
NONE,16,930,256,JunHowie/Qwen3-8B-GPTQ-Int4_prefill-all,38.666666666666664
FULL,16,930,256,JunHowie/Qwen3-8B-GPTQ-Int4_decoding-all,35.333333333333336
