cudagraph_mode,batch_size,sm_clock,input_len,model_name,total_energy_based_avg_power_W
FULL,512,330,256,Qwen/Qwen3-8B,111.83498464768005
FULL,256,330,256,Qwen/Qwen3-8B,111.28278159376814
FULL,128,330,256,Qwen/Qwen3-8B,118.1118953639843
FULL,64,330,256,Qwen/Qwen3-8B,124.7441541351808
FULL,16,330,256,Qwen/Qwen3-8B,121.64566557687748
FULL,8,330,256,Qwen/Qwen3-8B,120.26964458598478
FULL,512,630,256,Qwen/Qwen3-8B,155.78406157662147
FULL,256,630,256,Qwen/Qwen3-8B,154.58580529832076
FULL,128,630,256,Qwen/Qwen3-8B,163.43947947838868
FULL,64,630,256,Qwen/Qwen3-8B,157.23232516235677
FULL,16,630,256,Qwen/Qwen3-8B,153.79896372530442
FULL,8,630,256,Qwen/Qwen3-8B,150.30438104223205
FULL,512,930,256,Qwen/Qwen3-8B,193.93657046544993
FULL,256,922,256,Qwen/Qwen3-8B,190.94601927051494
FULL,256,930,256,Qwen/Qwen3-8B,189.67351053180545
FULL,128,930,256,Qwen/Qwen3-8B,188.55431363392643
FULL,64,930,256,Qwen/Qwen3-8B,172.81466275807915
FULL,16,930,256,Qwen/Qwen3-8B,167.34793062935896
FULL,8,930,256,Qwen/Qwen3-8B,162.58486889937856
FULL,512,1230,256,Qwen/Qwen3-8B,237.63200776547063
FULL,256,1230,256,Qwen/Qwen3-8B,233.18447445657597
FULL,128,1230,256,Qwen/Qwen3-8B,224.76628410298795
FULL,64,1230,256,Qwen/Qwen3-8B,199.47664541900681
FULL,16,1230,256,Qwen/Qwen3-8B,190.8465802525346
FULL,8,1230,256,Qwen/Qwen3-8B,185.31157515875603
FULL,512,1522,256,Qwen/Qwen3-8B,277.12090858132956
FULL,256,1515,256,Qwen/Qwen3-8B,278.2772448937327
FULL,128,1530,256,Qwen/Qwen3-8B,268.1907483734737
FULL,64,1530,256,Qwen/Qwen3-8B,249.87909248081542
FULL,16,1530,256,Qwen/Qwen3-8B,234.9815752490956
FULL,8,1530,256,Qwen/Qwen3-8B,227.6106891502155
FULL,512,1807,256,Qwen/Qwen3-8B,353.51780814559845
FULL,512,1815,256,Qwen/Qwen3-8B,353.6898241289909
FULL,256,1800,256,Qwen/Qwen3-8B,340.0192756141155
FULL,128,1822,256,Qwen/Qwen3-8B,312.7940143416865
FULL,128,1830,256,Qwen/Qwen3-8B,310.84185807115745
FULL,64,1830,256,Qwen/Qwen3-8B,289.416187603777
FULL,16,1830,256,Qwen/Qwen3-8B,268.6654658466878
FULL,8,1830,256,Qwen/Qwen3-8B,267.49208785890545
FULL,512,2092,256,Qwen/Qwen3-8B,429.84597221223373
FULL,256,2085,256,Qwen/Qwen3-8B,408.12772781930494
FULL,128,2130,256,Qwen/Qwen3-8B,361.855153040612
FULL,64,2130,256,Qwen/Qwen3-8B,312.00685098645766
FULL,16,2130,256,Qwen/Qwen3-8B,296.300563900663
FULL,8,2130,256,Qwen/Qwen3-8B,297.56856628532796
FULL,512,2355,256,Qwen/Qwen3-8B,544.3214468367224
FULL,256,2370,256,Qwen/Qwen3-8B,519.4825569064751
FULL,128,2422,256,Qwen/Qwen3-8B,450.8477978816974
FULL,64,2422,256,Qwen/Qwen3-8B,381.4077944035844
FULL,16,2422,256,Qwen/Qwen3-8B,357.67903150774794
FULL,8,2422,256,Qwen/Qwen3-8B,340.7213884575658
FULL,512,330,256,nvidia/Qwen3-8B-NVFP4,118.44863364189756
FULL,256,330,256,nvidia/Qwen3-8B-NVFP4,107.7071041907663
FULL,128,330,256,nvidia/Qwen3-8B-NVFP4,94.30677885526303
FULL,64,330,256,nvidia/Qwen3-8B-NVFP4,86.8707921397711
FULL,16,330,256,nvidia/Qwen3-8B-NVFP4,78.92954263914383
FULL,8,330,256,nvidia/Qwen3-8B-NVFP4,77.3894290668586
FULL,512,630,256,nvidia/Qwen3-8B-NVFP4,161.25341144976846
FULL,256,630,256,nvidia/Qwen3-8B-NVFP4,144.51674747873236
FULL,128,630,256,nvidia/Qwen3-8B-NVFP4,125.24045256549432
FULL,64,630,256,nvidia/Qwen3-8B-NVFP4,113.45131451228139
FULL,16,630,256,nvidia/Qwen3-8B-NVFP4,100.30848838903432
FULL,8,630,256,nvidia/Qwen3-8B-NVFP4,98.265114060019
FULL,512,930,256,nvidia/Qwen3-8B-NVFP4,188.64487602650445
FULL,256,930,256,nvidia/Qwen3-8B-NVFP4,168.88758396905988
FULL,128,930,256,nvidia/Qwen3-8B-NVFP4,145.5443246808362
FULL,64,930,256,nvidia/Qwen3-8B-NVFP4,131.25011883165695
FULL,16,930,256,nvidia/Qwen3-8B-NVFP4,115.2560282595913
FULL,8,930,256,nvidia/Qwen3-8B-NVFP4,111.96271363964875
FULL,512,1230,256,nvidia/Qwen3-8B-NVFP4,224.62354446607984
FULL,256,1230,256,nvidia/Qwen3-8B-NVFP4,202.38800150672049
FULL,128,1230,256,nvidia/Qwen3-8B-NVFP4,172.53235975992894
FULL,64,1230,256,nvidia/Qwen3-8B-NVFP4,156.87512936381268
FULL,16,1230,256,nvidia/Qwen3-8B-NVFP4,135.67125593653478
FULL,8,1230,256,nvidia/Qwen3-8B-NVFP4,131.20894419858
FULL,512,1530,256,nvidia/Qwen3-8B-NVFP4,280.2858824771208
FULL,256,1522,256,nvidia/Qwen3-8B-NVFP4,256.97900955092416
FULL,128,1522,256,nvidia/Qwen3-8B-NVFP4,215.6256908023848
FULL,64,1530,256,nvidia/Qwen3-8B-NVFP4,192.4987388137848
FULL,16,1530,256,nvidia/Qwen3-8B-NVFP4,166.75382763771188
FULL,8,1530,256,nvidia/Qwen3-8B-NVFP4,161.03938844034238
FULL,512,1815,256,nvidia/Qwen3-8B-NVFP4,321.3350578571147
FULL,256,1815,256,nvidia/Qwen3-8B-NVFP4,292.0459078125478
FULL,128,1815,256,nvidia/Qwen3-8B-NVFP4,255.77626415688934
FULL,64,1822,256,nvidia/Qwen3-8B-NVFP4,229.7114329398946
FULL,16,1830,256,nvidia/Qwen3-8B-NVFP4,196.63649564692568
FULL,8,1830,256,nvidia/Qwen3-8B-NVFP4,190.4124213745227
FULL,512,2107,256,nvidia/Qwen3-8B-NVFP4,397.45194284880404
FULL,512,2115,256,nvidia/Qwen3-8B-NVFP4,372.4259473258861
FULL,256,2107,256,nvidia/Qwen3-8B-NVFP4,329.80891692990116
FULL,128,2115,256,nvidia/Qwen3-8B-NVFP4,289.0116852452631
FULL,128,2122,256,nvidia/Qwen3-8B-NVFP4,272.67353489283255
FULL,64,2122,256,nvidia/Qwen3-8B-NVFP4,278.5989812665119
FULL,16,2130,256,nvidia/Qwen3-8B-NVFP4,247.45987888585398
FULL,8,2130,256,nvidia/Qwen3-8B-NVFP4,238.4527301670174
FULL,512,2407,256,nvidia/Qwen3-8B-NVFP4,467.2224789147083
FULL,256,2407,256,nvidia/Qwen3-8B-NVFP4,418.5312485403977
FULL,128,2415,256,nvidia/Qwen3-8B-NVFP4,344.47114968334074
FULL,64,2422,256,nvidia/Qwen3-8B-NVFP4,312.24265512423796
FULL,16,2422,256,nvidia/Qwen3-8B-NVFP4,273.1372970716857
FULL,8,2422,256,nvidia/Qwen3-8B-NVFP4,262.8661896600752
FULL,8,2287,256,nvidia/Qwen3-8B-NVFP4,274.2589192982456
FULL,8,2295,256,nvidia/Qwen3-8B-NVFP4,276.1201660438952
FULL,512,330,256,nvidia/Qwen3-8B-FP8,108.23831361493495
FULL,256,330,256,nvidia/Qwen3-8B-FP8,113.73883212788152
FULL,128,330,256,nvidia/Qwen3-8B-FP8,111.88404590191493
FULL,64,330,256,nvidia/Qwen3-8B-FP8,113.49387400195896
FULL,16,330,256,nvidia/Qwen3-8B-FP8,103.14941629658557
FULL,8,330,256,nvidia/Qwen3-8B-FP8,106.50620648625345
FULL,512,630,256,nvidia/Qwen3-8B-FP8,150.50243855315995
FULL,256,630,256,nvidia/Qwen3-8B-FP8,156.4256777515963
FULL,128,630,256,nvidia/Qwen3-8B-FP8,151.38647347156774
FULL,64,630,256,nvidia/Qwen3-8B-FP8,150.54008139133103
FULL,16,630,256,nvidia/Qwen3-8B-FP8,132.73705201912819
FULL,8,630,256,nvidia/Qwen3-8B-FP8,131.7683324149127
FULL,512,930,256,nvidia/Qwen3-8B-FP8,182.55439187511294
FULL,256,922,256,nvidia/Qwen3-8B-FP8,187.32079089515193
FULL,128,900,256,nvidia/Qwen3-8B-FP8,178.96906306733305
FULL,128,907,256,nvidia/Qwen3-8B-FP8,179.55010938881904
FULL,64,922,256,nvidia/Qwen3-8B-FP8,167.8670178376607
FULL,64,930,256,nvidia/Qwen3-8B-FP8,168.08415445144666
FULL,16,922,256,nvidia/Qwen3-8B-FP8,147.2052254891786
FULL,16,930,256,nvidia/Qwen3-8B-FP8,147.32510090716542
FULL,8,922,256,nvidia/Qwen3-8B-FP8,145.79562791378765
FULL,8,930,256,nvidia/Qwen3-8B-FP8,145.00761630826048
FULL,512,1230,256,nvidia/Qwen3-8B-FP8,224.67064761432678
FULL,256,1230,256,nvidia/Qwen3-8B-FP8,232.0548158126522
FULL,128,1230,256,nvidia/Qwen3-8B-FP8,218.86324454299535
FULL,64,1230,256,nvidia/Qwen3-8B-FP8,194.85200311937814
FULL,16,1230,256,nvidia/Qwen3-8B-FP8,171.743576465352
FULL,8,1230,256,nvidia/Qwen3-8B-FP8,169.29189579863623
FULL,512,1530,256,nvidia/Qwen3-8B-FP8,272.46231012397277
FULL,256,1515,256,nvidia/Qwen3-8B-FP8,272.65535488763237
FULL,128,1522,256,nvidia/Qwen3-8B-FP8,278.75206271814716
FULL,64,1530,256,nvidia/Qwen3-8B-FP8,245.05730135256815
FULL,16,1530,256,nvidia/Qwen3-8B-FP8,210.8765981522425
FULL,8,1530,256,nvidia/Qwen3-8B-FP8,205.6558201523877
FULL,512,1815,256,nvidia/Qwen3-8B-FP8,331.06370774898204
FULL,256,1792,256,nvidia/Qwen3-8B-FP8,329.34981328677344
FULL,128,1807,256,nvidia/Qwen3-8B-FP8,305.63124738390667
FULL,64,1830,256,nvidia/Qwen3-8B-FP8,285.52438549865155
FULL,16,1830,256,nvidia/Qwen3-8B-FP8,249.81856065264566
FULL,8,1830,256,nvidia/Qwen3-8B-FP8,242.1246915747502
FULL,512,2092,256,nvidia/Qwen3-8B-FP8,390.5797863768307
FULL,256,2070,256,nvidia/Qwen3-8B-FP8,387.63393822607924
FULL,128,2115,256,nvidia/Qwen3-8B-FP8,361.5535446053465
FULL,64,2130,256,nvidia/Qwen3-8B-FP8,307.43409113723266
FULL,16,2130,256,nvidia/Qwen3-8B-FP8,279.98258611834973
FULL,8,2130,256,nvidia/Qwen3-8B-FP8,285.4692782655828
FULL,512,2370,256,nvidia/Qwen3-8B-FP8,488.0083664723298
FULL,512,2362,256,nvidia/Qwen3-8B-FP8,489.132073948087
FULL,256,2362,256,nvidia/Qwen3-8B-FP8,492.86040212097953
FULL,256,2370,256,nvidia/Qwen3-8B-FP8,488.95253905059343
FULL,128,2415,256,nvidia/Qwen3-8B-FP8,451.30119330741917
FULL,64,2422,256,nvidia/Qwen3-8B-FP8,376.98433305686945
FULL,16,2422,256,nvidia/Qwen3-8B-FP8,324.3616756212688
FULL,8,2422,256,nvidia/Qwen3-8B-FP8,312.5279212781932
FULL,512,330,256,JunHowie/Qwen3-8B-GPTQ-Int8,101.87615532724212
FULL,256,330,256,JunHowie/Qwen3-8B-GPTQ-Int8,100.46061488529399
FULL,128,330,256,JunHowie/Qwen3-8B-GPTQ-Int8,101.28587408209803
FULL,64,330,256,JunHowie/Qwen3-8B-GPTQ-Int8,102.42816543356683
FULL,16,330,256,JunHowie/Qwen3-8B-GPTQ-Int8,109.7659416763316
FULL,8,330,256,JunHowie/Qwen3-8B-GPTQ-Int8,108.09130269443456
FULL,512,630,256,JunHowie/Qwen3-8B-GPTQ-Int8,143.9523610109894
FULL,256,630,256,JunHowie/Qwen3-8B-GPTQ-Int8,141.64982333663954
FULL,128,630,256,JunHowie/Qwen3-8B-GPTQ-Int8,140.95437081372168
FULL,64,630,256,JunHowie/Qwen3-8B-GPTQ-Int8,141.66297985631226
FULL,16,630,256,JunHowie/Qwen3-8B-GPTQ-Int8,137.17291597391696
FULL,8,630,256,JunHowie/Qwen3-8B-GPTQ-Int8,132.72306774097285
FULL,512,930,256,JunHowie/Qwen3-8B-GPTQ-Int8,172.6379094500934
FULL,256,930,256,JunHowie/Qwen3-8B-GPTQ-Int8,168.83595756625172
FULL,128,930,256,JunHowie/Qwen3-8B-GPTQ-Int8,167.75241261271208
FULL,128,922,256,JunHowie/Qwen3-8B-GPTQ-Int8,167.73074148600932
FULL,64,922,256,JunHowie/Qwen3-8B-GPTQ-Int8,164.13753592551245
FULL,64,915,256,JunHowie/Qwen3-8B-GPTQ-Int8,163.26106741649343
FULL,16,930,256,JunHowie/Qwen3-8B-GPTQ-Int8,150.8807350153868
FULL,8,930,256,JunHowie/Qwen3-8B-GPTQ-Int8,144.64432508580782
FULL,512,1230,256,JunHowie/Qwen3-8B-GPTQ-Int8,226.84878516038893
FULL,256,1230,256,JunHowie/Qwen3-8B-GPTQ-Int8,221.11026705975556
FULL,128,1230,256,JunHowie/Qwen3-8B-GPTQ-Int8,217.05177287439247
FULL,64,1230,256,JunHowie/Qwen3-8B-GPTQ-Int8,199.4171955429543
FULL,16,1230,256,JunHowie/Qwen3-8B-GPTQ-Int8,174.62219840695371
FULL,8,1230,256,JunHowie/Qwen3-8B-GPTQ-Int8,166.73653115269659
FULL,512,1530,256,JunHowie/Qwen3-8B-GPTQ-Int8,271.57584691465405
FULL,256,1530,256,JunHowie/Qwen3-8B-GPTQ-Int8,261.65736110916504
FULL,128,1530,256,JunHowie/Qwen3-8B-GPTQ-Int8,267.5955892887976
FULL,64,1522,256,JunHowie/Qwen3-8B-GPTQ-Int8,254.63208345672479
FULL,16,1530,256,JunHowie/Qwen3-8B-GPTQ-Int8,216.3876637775385
FULL,8,1530,256,JunHowie/Qwen3-8B-GPTQ-Int8,203.1319776115667
FULL,512,1822,256,JunHowie/Qwen3-8B-GPTQ-Int8,344.402584218648
FULL,256,1815,256,JunHowie/Qwen3-8B-GPTQ-Int8,334.6741414955247
FULL,256,1822,256,JunHowie/Qwen3-8B-GPTQ-Int8,332.8495603467804
FULL,128,1815,256,JunHowie/Qwen3-8B-GPTQ-Int8,318.9892690675286
FULL,64,1807,256,JunHowie/Qwen3-8B-GPTQ-Int8,290.18096206908814
FULL,64,1815,256,JunHowie/Qwen3-8B-GPTQ-Int8,284.2749815342408
FULL,16,1830,256,JunHowie/Qwen3-8B-GPTQ-Int8,257.67963141564024
FULL,8,1830,256,JunHowie/Qwen3-8B-GPTQ-Int8,241.34954554190026
FULL,512,2122,256,JunHowie/Qwen3-8B-GPTQ-Int8,420.32542367997
FULL,256,2115,256,JunHowie/Qwen3-8B-GPTQ-Int8,403.2413941369567
FULL,128,2107,256,JunHowie/Qwen3-8B-GPTQ-Int8,388.1247934821742
FULL,128,2115,256,JunHowie/Qwen3-8B-GPTQ-Int8,384.1562537036119
FULL,64,2122,256,JunHowie/Qwen3-8B-GPTQ-Int8,335.25015848491057
FULL,16,2130,256,JunHowie/Qwen3-8B-GPTQ-Int8,278.74098264337647
FULL,8,2130,256,JunHowie/Qwen3-8B-GPTQ-Int8,273.9207465527606
FULL,512,2400,256,JunHowie/Qwen3-8B-GPTQ-Int8,541.5860197825205
FULL,512,2392,256,JunHowie/Qwen3-8B-GPTQ-Int8,553.8043383041664
FULL,256,2392,256,JunHowie/Qwen3-8B-GPTQ-Int8,532.9786125012657
FULL,128,2385,256,JunHowie/Qwen3-8B-GPTQ-Int8,506.7593346461414
FULL,64,2415,256,JunHowie/Qwen3-8B-GPTQ-Int8,424.85153699991
FULL,16,2422,256,JunHowie/Qwen3-8B-GPTQ-Int8,342.9432396148698
FULL,8,2422,256,JunHowie/Qwen3-8B-GPTQ-Int8,315.2514904800115
FULL,512,330,256,JunHowie/Qwen3-8B-GPTQ-Int4,97.95767436499871
FULL,256,330,256,JunHowie/Qwen3-8B-GPTQ-Int4,96.64392178082458
FULL,128,330,256,JunHowie/Qwen3-8B-GPTQ-Int4,95.93461069800388
FULL,64,330,256,JunHowie/Qwen3-8B-GPTQ-Int4,94.534343151448
FULL,16,330,256,JunHowie/Qwen3-8B-GPTQ-Int4,94.51728217824281
FULL,8,330,256,JunHowie/Qwen3-8B-GPTQ-Int4,91.53319692685979
FULL,512,630,256,JunHowie/Qwen3-8B-GPTQ-Int4,137.2383776386076
FULL,256,630,256,JunHowie/Qwen3-8B-GPTQ-Int4,134.93400909138407
FULL,128,630,256,JunHowie/Qwen3-8B-GPTQ-Int4,132.38549524786256
FULL,64,630,256,JunHowie/Qwen3-8B-GPTQ-Int4,129.97188946726374
FULL,16,630,256,JunHowie/Qwen3-8B-GPTQ-Int4,125.2670110196452
FULL,8,630,256,JunHowie/Qwen3-8B-GPTQ-Int4,118.3643082811585
FULL,512,930,256,JunHowie/Qwen3-8B-GPTQ-Int4,164.37294266918633
FULL,256,930,256,JunHowie/Qwen3-8B-GPTQ-Int4,161.434890769911
FULL,128,922,256,JunHowie/Qwen3-8B-GPTQ-Int4,158.102617603207
FULL,128,930,256,JunHowie/Qwen3-8B-GPTQ-Int4,158.77127852753605
FULL,64,922,256,JunHowie/Qwen3-8B-GPTQ-Int4,154.43506976658733
FULL,16,922,256,JunHowie/Qwen3-8B-GPTQ-Int4,142.1078177570515
FULL,8,930,256,JunHowie/Qwen3-8B-GPTQ-Int4,132.7874844394219
FULL,8,922,256,JunHowie/Qwen3-8B-GPTQ-Int4,132.88514559956099
FULL,512,1230,256,JunHowie/Qwen3-8B-GPTQ-Int4,215.92276515295362
FULL,256,1230,256,JunHowie/Qwen3-8B-GPTQ-Int4,211.37529723730725
FULL,128,1230,256,JunHowie/Qwen3-8B-GPTQ-Int4,206.57225325450088
FULL,64,1230,256,JunHowie/Qwen3-8B-GPTQ-Int4,196.8769244597925
FULL,16,1230,256,JunHowie/Qwen3-8B-GPTQ-Int4,168.69989116459368
FULL,8,1230,256,JunHowie/Qwen3-8B-GPTQ-Int4,155.335276333481
FULL,512,1530,256,JunHowie/Qwen3-8B-GPTQ-Int4,250.53228856672536
FULL,256,1530,256,JunHowie/Qwen3-8B-GPTQ-Int4,249.4317878229077
FULL,128,1530,256,JunHowie/Qwen3-8B-GPTQ-Int4,243.62567655508468
FULL,64,1522,256,JunHowie/Qwen3-8B-GPTQ-Int4,249.47173009732617
FULL,16,1530,256,JunHowie/Qwen3-8B-GPTQ-Int4,212.95393283147942
FULL,8,1530,256,JunHowie/Qwen3-8B-GPTQ-Int4,192.5348520512848
FULL,512,1830,256,JunHowie/Qwen3-8B-GPTQ-Int4,330.0199846182729
FULL,256,1822,256,JunHowie/Qwen3-8B-GPTQ-Int4,318.1043821557795
FULL,128,1815,256,JunHowie/Qwen3-8B-GPTQ-Int4,303.3178168679975
FULL,128,1822,256,JunHowie/Qwen3-8B-GPTQ-Int4,304.6551080211446
FULL,64,1807,256,JunHowie/Qwen3-8B-GPTQ-Int4,283.57844958516836
FULL,16,1815,256,JunHowie/Qwen3-8B-GPTQ-Int4,243.13801791462313
FULL,16,1822,256,JunHowie/Qwen3-8B-GPTQ-Int4,255.3931508935335
FULL,8,1822,256,JunHowie/Qwen3-8B-GPTQ-Int4,229.17437337346848
FULL,512,2122,256,JunHowie/Qwen3-8B-GPTQ-Int4,397.0681781589847
FULL,512,2130,256,JunHowie/Qwen3-8B-GPTQ-Int4,404.4616805624676
FULL,256,2122,256,JunHowie/Qwen3-8B-GPTQ-Int4,385.74752701827214
FULL,128,2115,256,JunHowie/Qwen3-8B-GPTQ-Int4,371.8703909181427
FULL,64,2115,256,JunHowie/Qwen3-8B-GPTQ-Int4,343.6275279988775
FULL,16,2122,256,JunHowie/Qwen3-8B-GPTQ-Int4,278.7978870427263
FULL,8,2122,256,JunHowie/Qwen3-8B-GPTQ-Int4,252.6190294812219
FULL,8,2115,256,JunHowie/Qwen3-8B-GPTQ-Int4,260.79587608859134
FULL,512,2415,256,JunHowie/Qwen3-8B-GPTQ-Int4,542.0839458623077
FULL,256,2407,256,JunHowie/Qwen3-8B-GPTQ-Int4,521.6689044516091
FULL,128,2392,256,JunHowie/Qwen3-8B-GPTQ-Int4,490.58938906308265
FULL,128,2400,256,JunHowie/Qwen3-8B-GPTQ-Int4,488.06288833229854
FULL,64,2407,256,JunHowie/Qwen3-8B-GPTQ-Int4,444.3874063051508
FULL,16,2415,256,JunHowie/Qwen3-8B-GPTQ-Int4,348.9007321416793
FULL,8,2422,256,JunHowie/Qwen3-8B-GPTQ-Int4,305.9001398169669
