model_name,sm_clock,curr_batch_size,curr_throughput,prev_batch_size,prev_throughput,abs_increase,pct_increase
JunHowie/Qwen3-8B-GPTQ-Int4,330,16,817.8720338692619,8.0,479.33524269443177,338.53679117483017,70.6263093178487
JunHowie/Qwen3-8B-GPTQ-Int4,330,64,1630.9188297941,16.0,817.8720338692619,813.0467959248381,99.4100253163571
JunHowie/Qwen3-8B-GPTQ-Int4,330,128,1976.8509888214019,64.0,1630.9188297941,345.93215902730185,21.21087528745836
JunHowie/Qwen3-8B-GPTQ-Int4,330,256,2389.33389090576,128.0,1976.8509888214019,412.48290208435833,20.86565474164952
JunHowie/Qwen3-8B-GPTQ-Int4,330,512,2568.648735582356,256.0,2389.33389090576,179.31484467659584,7.504804806021494
JunHowie/Qwen3-8B-GPTQ-Int4,630,16,1457.424139534008,8.0,809.7293000822795,647.6948394517285,79.98905799579119
JunHowie/Qwen3-8B-GPTQ-Int4,630,64,3000.2926007802175,16.0,1457.424139534008,1542.8684612462096,105.86269428332106
JunHowie/Qwen3-8B-GPTQ-Int4,630,128,3650.804135425231,64.0,3000.2926007802175,650.5115346450134,21.68160313683571
JunHowie/Qwen3-8B-GPTQ-Int4,630,256,4423.930768249438,128.0,3650.804135425231,773.1266328242073,21.176886081678457
JunHowie/Qwen3-8B-GPTQ-Int4,630,512,4824.84089553379,256.0,4423.930768249438,400.9101272843518,9.062305634656056
JunHowie/Qwen3-8B-GPTQ-Int4,922,16,1752.9703429158901,8.0,950.009818713155,802.9605242027351,84.52128687368653
JunHowie/Qwen3-8B-GPTQ-Int4,922,64,3873.3026467727345,16.0,1752.9703429158901,2120.332303856844,120.9565417022335
JunHowie/Qwen3-8B-GPTQ-Int4,922,128,4723.2809917112445,64.0,3873.3026467727345,849.97834493851,21.944537322605516
JunHowie/Qwen3-8B-GPTQ-Int4,930,128,4697.433793737116,8.0,949.8332106081259,3747.6005831289895,394.55354279827793
JunHowie/Qwen3-8B-GPTQ-Int4,930,256,5728.074276473375,128.0,4697.433793737116,1030.6404827362594,21.940500451765125
JunHowie/Qwen3-8B-GPTQ-Int4,930,512,6274.429866648688,256.0,5728.074276473375,546.3555901753134,9.538207149640703
JunHowie/Qwen3-8B-GPTQ-Int4,1230,16,2130.9063261647775,8.0,1143.380936584473,987.5253895803046,86.36888704216614
JunHowie/Qwen3-8B-GPTQ-Int4,1230,64,5176.6024346223785,16.0,2130.9063261647775,3045.696108457601,142.92961032873131
JunHowie/Qwen3-8B-GPTQ-Int4,1230,128,6359.837575114763,64.0,5176.6024346223785,1183.2351404923847,22.857369393071792
JunHowie/Qwen3-8B-GPTQ-Int4,1230,256,7644.331433260044,128.0,6359.837575114763,1284.4938581452807,20.196960110606316
JunHowie/Qwen3-8B-GPTQ-Int4,1230,512,8284.836054379699,256.0,7644.331433260044,640.504621119655,8.378818039375641
JunHowie/Qwen3-8B-GPTQ-Int4,1530,16,2622.8694068235554,8.0,1405.2770268958666,1217.5923799276889,86.64429551070391
JunHowie/Qwen3-8B-GPTQ-Int4,1530,128,7680.0547719673095,16.0,2622.8694068235554,5057.185365143754,192.81117664444812
JunHowie/Qwen3-8B-GPTQ-Int4,1530,256,9327.293789914573,128.0,7680.0547719673095,1647.2390179472632,21.448271748787402
JunHowie/Qwen3-8B-GPTQ-Int4,1530,512,10192.12467373738,256.0,9327.293789914573,864.8308838228077,9.272045067969586
JunHowie/Qwen3-8B-GPTQ-Int4,1822,16,3081.585989753638,8.0,1654.6465160629343,1426.9394736907036,86.23832702866127
JunHowie/Qwen3-8B-GPTQ-Int4,1822,256,11033.734528066556,16.0,3081.585989753638,7952.148538312918,258.05376078272815
JunHowie/Qwen3-8B-GPTQ-Int4,2115,64,8199.17554250932,8.0,1816.6344510001622,6382.541091509158,351.3387675762287
JunHowie/Qwen3-8B-GPTQ-Int4,2115,128,10190.995258203813,64.0,8199.17554250932,1991.8197156944934,24.29292683596949
JunHowie/Qwen3-8B-GPTQ-Int4,2122,256,12069.155335026117,16.0,3395.023376744571,8674.131958281545,255.4955001988534
JunHowie/Qwen3-8B-GPTQ-Int4,2407,256,13137.931031664615,64.0,8810.756122146713,4327.174909517902,49.11241270929197
JunHowie/Qwen3-8B-GPTQ-Int4,2415,512,14238.875914991313,16.0,3580.8039694891236,10658.07194550219,297.6446640563456
JunHowie/Qwen3-8B-GPTQ-Int8,330,16,751.887101062812,8.0,416.48700016180555,335.40010090100645,80.53074904395653
JunHowie/Qwen3-8B-GPTQ-Int8,330,64,1518.284845878759,16.0,751.887101062812,766.3977448159469,101.92989662046652
JunHowie/Qwen3-8B-GPTQ-Int8,330,128,1827.6915113550149,64.0,1518.284845878759,309.40666547625597,20.378696811478505
JunHowie/Qwen3-8B-GPTQ-Int8,330,256,2175.3132132307915,128.0,1827.6915113550149,347.6217018757766,19.019714197723477
JunHowie/Qwen3-8B-GPTQ-Int8,330,512,2324.408962531008,256.0,2175.3132132307915,149.09574930021654,6.853989963071958
JunHowie/Qwen3-8B-GPTQ-Int8,630,16,1095.4030536843607,8.0,581.6324786867868,513.7705749975738,88.33251130637821
JunHowie/Qwen3-8B-GPTQ-Int8,630,64,2756.002115048776,16.0,1095.4030536843607,1660.5990613644153,151.59708162023395
JunHowie/Qwen3-8B-GPTQ-Int8,630,128,3351.4666719311617,64.0,2756.002115048776,595.4645568823858,21.60609941592324
JunHowie/Qwen3-8B-GPTQ-Int8,630,256,4026.3262743421606,128.0,3351.4666719311617,674.8596024109988,20.136246857622346
JunHowie/Qwen3-8B-GPTQ-Int8,630,512,4350.354044869407,256.0,4026.3262743421606,324.02777052724605,8.047727592076157
JunHowie/Qwen3-8B-GPTQ-Int8,930,16,1232.4817678208526,8.0,648.9409205614016,583.540847259451,89.92202969025705
JunHowie/Qwen3-8B-GPTQ-Int8,930,128,4351.5766821254965,16.0,1232.4817678208526,3119.0949143046437,253.07432497111142
JunHowie/Qwen3-8B-GPTQ-Int8,930,256,5183.031471817047,128.0,4351.5766821254965,831.4547896915501,19.106977779038743
JunHowie/Qwen3-8B-GPTQ-Int8,930,512,5659.984370363987,256.0,5183.031471817047,476.95289854694056,9.20219954558239
JunHowie/Qwen3-8B-GPTQ-Int8,1230,16,1458.690136849425,8.0,766.2220994954116,692.4680373540134,90.3743232947773
JunHowie/Qwen3-8B-GPTQ-Int8,1230,64,4247.65697405275,16.0,1458.690136849425,2788.966837203325,191.1966610830124
JunHowie/Qwen3-8B-GPTQ-Int8,1230,128,5718.595390038397,64.0,4247.65697405275,1470.9384159856472,34.62940686997622
JunHowie/Qwen3-8B-GPTQ-Int8,1230,256,6927.8677992712,128.0,5718.595390038397,1209.2724092328026,21.146318750567925
JunHowie/Qwen3-8B-GPTQ-Int8,1230,512,7498.017663004657,256.0,6927.8677992712,570.1498637334571,8.229802880959072
JunHowie/Qwen3-8B-GPTQ-Int8,1530,16,1790.7024124421878,8.0,940.0915215683638,850.610890873824,90.48171070139443
JunHowie/Qwen3-8B-GPTQ-Int8,1530,128,7110.366584725916,16.0,1790.7024124421878,5319.6641722837285,297.07136905169455
JunHowie/Qwen3-8B-GPTQ-Int8,1530,256,8485.707142662208,128.0,7110.366584725916,1375.3405579362916,19.342751763189252
JunHowie/Qwen3-8B-GPTQ-Int8,1530,512,9225.545904891505,256.0,8485.707142662208,739.8387622292976,8.718645951257624
JunHowie/Qwen3-8B-GPTQ-Int8,1815,256,10030.179313026547,128.0,8300.020433168022,1730.1588798585253,20.84523639176324
JunHowie/Qwen3-8B-GPTQ-Int8,1830,16,2109.5941176800457,8.0,1113.017586562922,996.5765311171237,89.5382555629353
JunHowie/Qwen3-8B-GPTQ-Int8,2115,256,10971.915686196691,128.0,8967.549543608016,2004.3661425886748,22.35132499510268
JunHowie/Qwen3-8B-GPTQ-Int8,2122,512,12016.115773966536,64.0,6524.68521457057,5491.430559395966,84.16391563431756
JunHowie/Qwen3-8B-GPTQ-Int8,2130,16,2292.7947561949645,8.0,1199.8241465878198,1092.9706096071448,91.09423349375358
JunHowie/Qwen3-8B-GPTQ-Int8,2392,512,12818.007617047906,256.0,11784.249171377613,1033.7584456702934,8.772374299256642
JunHowie/Qwen3-8B-GPTQ-Int8,2422,16,2372.842269932827,8.0,1241.3078467186115,1131.5344232142156,91.15663179004459
Qwen/Qwen3-8B,330,16,448.8119981774912,8.0,239.0767496633269,209.7352485141643,87.72716243194625
Qwen/Qwen3-8B,330,64,1552.1062460982446,16.0,448.8119981774912,1103.2942479207534,245.82547980021573
Qwen/Qwen3-8B,330,128,1946.6813689810906,64.0,1552.1062460982446,394.575122882846,25.421914503259487
Qwen/Qwen3-8B,330,256,2183.809013043026,128.0,1946.6813689810906,237.12764406193537,12.18112259357832
Qwen/Qwen3-8B,330,512,2437.387917979561,256.0,2183.809013043026,253.57890493653485,11.611771149491943
Qwen/Qwen3-8B,630,16,705.497147292571,8.0,366.16109919808787,339.3360480944831,92.67397570021691
Qwen/Qwen3-8B,630,64,2346.1369196441474,16.0,705.497147292571,1640.6397723515765,232.550872621913
Qwen/Qwen3-8B,630,128,3540.564413307114,64.0,2346.1369196441474,1194.4274936629668,50.910391617047345
Qwen/Qwen3-8B,630,256,4005.8955618790737,128.0,3540.564413307114,465.3311485719596,13.142852219353085
Qwen/Qwen3-8B,630,512,4518.517700163662,256.0,4005.8955618790737,512.6221382845883,12.79669253394437
Qwen/Qwen3-8B,930,16,782.6249251417723,8.0,404.0973151836593,378.52760995811303,93.67238923279531
Qwen/Qwen3-8B,930,64,2666.048843812862,16.0,782.6249251417723,1883.4239186710895,240.65473232019895
Qwen/Qwen3-8B,930,128,4452.118797014972,64.0,2666.048843812862,1786.0699532021104,66.99314445596407
Qwen/Qwen3-8B,930,256,5381.329073908511,128.0,4452.118797014972,929.2102768935392,20.87119233019007
Qwen/Qwen3-8B,930,512,6159.913253278776,256.0,5381.329073908511,778.5841793702648,14.468250662187652
Qwen/Qwen3-8B,1230,16,910.4001594814789,8.0,470.91008424845415,439.49007523302475,93.32781138769327
Qwen/Qwen3-8B,1230,64,3125.5584063895476,16.0,910.4001594814789,2215.1582469080686,243.31698801214165
Qwen/Qwen3-8B,1230,128,5375.985361772954,64.0,3125.5584063895476,2250.4269553834065,72.00079674668312
Qwen/Qwen3-8B,1230,256,6864.349626846955,128.0,5375.985361772954,1488.3642650740012,27.685422576804626
Qwen/Qwen3-8B,1230,512,7758.662856330784,256.0,6864.349626846955,894.3132294838288,13.028375273690996
Qwen/Qwen3-8B,1530,16,1122.0238122277926,8.0,580.3669564705092,541.6568557572834,93.3300646631158
Qwen/Qwen3-8B,1530,64,3842.8358534855256,16.0,1122.0238122277926,2720.8120412577327,242.491470466703
Qwen/Qwen3-8B,1530,128,6591.899530131164,64.0,3842.8358534855256,2749.0636766456387,71.53736931417941
Qwen/Qwen3-8B,1830,16,1312.466465800365,8.0,680.5031555007935,631.9633102995716,92.86706537525156
Qwen/Qwen3-8B,1830,64,4440.7435754255175,16.0,1312.466465800365,3128.2771096251527,238.3510124746292
Qwen/Qwen3-8B,1830,128,7459.209269104227,64.0,4440.7435754255175,3018.4656936787096,67.9720781533637
Qwen/Qwen3-8B,2130,16,1395.7458491407162,8.0,723.065693881679,672.6801552590373,93.0316789955621
Qwen/Qwen3-8B,2130,64,4648.775403346761,16.0,1395.7458491407162,3253.029554206045,233.067471145177
Qwen/Qwen3-8B,2130,128,7962.658918952419,64.0,4648.775403346761,3313.8835156056584,71.2850853844201
Qwen/Qwen3-8B,2422,16,1431.7421327167951,8.0,738.6772187237175,693.0649139930777,93.82513720817755
Qwen/Qwen3-8B,2422,64,4759.815573171656,16.0,1431.7421327167951,3328.073440454861,232.4492214348468
Qwen/Qwen3-8B,2422,128,8192.822187963358,64.0,4759.815573171656,3433.0066147917023,72.12478218991481
nvidia/Qwen3-8B-FP8,330,16,627.5651304614208,8.0,362.69291619592593,264.8722142654949,73.02933209823472
nvidia/Qwen3-8B-FP8,330,64,2142.2569447939863,16.0,627.5651304614208,1514.6918143325656,241.36009806964256
nvidia/Qwen3-8B-FP8,330,128,2639.5666749735165,64.0,2142.2569447939863,497.3097301795301,23.21428955513806
nvidia/Qwen3-8B-FP8,330,256,3193.744829015933,128.0,2639.5666749735165,554.1781540424167,20.995042833990052
nvidia/Qwen3-8B-FP8,330,512,3349.9692034886943,256.0,3193.744829015933,156.22437447276116,4.891573461142714
nvidia/Qwen3-8B-FP8,630,16,994.6842884904704,8.0,535.7334563358651,458.95083215460534,85.66775636780042
nvidia/Qwen3-8B-FP8,630,64,3619.5882840188706,16.0,994.6842884904704,2624.9039955284,263.89317956473866
nvidia/Qwen3-8B-FP8,630,128,4741.133877056256,64.0,3619.5882840188706,1121.5455930373855,30.985446548968287
nvidia/Qwen3-8B-FP8,630,256,5805.162167633393,128.0,4741.133877056256,1064.0282905771373,22.442485662054047
nvidia/Qwen3-8B-FP8,630,512,6232.033294816687,256.0,5805.162167633393,426.87112718329354,7.353302368765992
nvidia/Qwen3-8B-FP8,922,16,1149.5801533418187,8.0,612.8458638127258,536.7342895290928,87.5806334385425
nvidia/Qwen3-8B-FP8,922,64,4175.033614832536,16.0,1149.5801533418187,3025.453461490717,263.178992147329
nvidia/Qwen3-8B-FP8,922,256,7543.469431722803,64.0,4175.033614832536,3368.4358168902672,80.68044781539749
nvidia/Qwen3-8B-FP8,930,16,1149.64571253638,8.0,613.0055236048554,536.6401889315246,87.54247201162968
nvidia/Qwen3-8B-FP8,930,64,4172.3032546747145,16.0,1149.64571253638,3022.6575421383345,262.92078587147205
nvidia/Qwen3-8B-FP8,930,512,8208.89968791818,64.0,4172.3032546747145,4036.596433243465,96.74743629243149
nvidia/Qwen3-8B-FP8,1230,16,1370.6405468741582,8.0,727.1009145075317,643.5396323666265,88.50760871377784
nvidia/Qwen3-8B-FP8,1230,64,4919.277889636589,16.0,1370.6405468741582,3548.6373427624308,258.903572556302
nvidia/Qwen3-8B-FP8,1230,128,7622.489281157955,64.0,4919.277889636589,2703.211391521366,54.9513862027637
nvidia/Qwen3-8B-FP8,1230,256,9598.258506601425,128.0,7622.489281157955,1975.7692254434705,25.920262430901385
nvidia/Qwen3-8B-FP8,1230,512,10409.14887733057,256.0,9598.258506601425,810.8903707291447,8.448307265025589
nvidia/Qwen3-8B-FP8,1530,16,1672.158777982517,8.0,885.4257355714948,786.7330424110222,88.85364529225347
nvidia/Qwen3-8B-FP8,1530,64,6064.802783972991,16.0,1672.158777982517,4392.644005990474,262.69299685106824
nvidia/Qwen3-8B-FP8,1530,512,12822.112571748034,64.0,6064.802783972991,6757.309787775042,111.41845874415057
nvidia/Qwen3-8B-FP8,1830,16,1929.1519415897599,8.0,1017.2349760326719,911.916965557088,89.64663888314816
nvidia/Qwen3-8B-FP8,1830,64,6958.380791789802,16.0,1929.1519415897599,5029.228850200042,260.69635790613756
nvidia/Qwen3-8B-FP8,2130,16,2053.625173029884,8.0,1077.783630335406,975.841542694478,90.54150714747784
nvidia/Qwen3-8B-FP8,2130,64,7345.722487334998,16.0,2053.625173029884,5292.097314305114,257.6953858866681
nvidia/Qwen3-8B-FP8,2422,16,2135.029950402786,8.0,1118.7565599220284,1016.2733904807578,90.83954694769226
nvidia/Qwen3-8B-FP8,2422,64,7553.063271680988,16.0,2135.029950402786,5418.033321278202,253.76849258044635
nvidia/Qwen3-8B-NVFP4,330,16,414.32168548866633,8.0,213.24305478918873,201.0786306994776,94.29551217893739
nvidia/Qwen3-8B-NVFP4,330,64,1545.1722192963289,16.0,414.32168548866633,1130.8505338076625,272.9402233614433
nvidia/Qwen3-8B-NVFP4,330,128,2636.864370474924,64.0,1545.1722192963289,1091.692151178595,70.65181068785662
nvidia/Qwen3-8B-NVFP4,330,256,3850.0122246561873,128.0,2636.864370474924,1213.1478541812635,46.00721477239894
nvidia/Qwen3-8B-NVFP4,330,512,4807.7363469753445,256.0,3850.0122246561873,957.7241223191572,24.875872242319534
nvidia/Qwen3-8B-NVFP4,630,16,710.5636121548813,8.0,363.00877952655236,347.55483262832894,95.74281731742715
nvidia/Qwen3-8B-NVFP4,630,64,2714.4340674286063,16.0,710.5636121548813,2003.870455273725,282.01140911180545
nvidia/Qwen3-8B-NVFP4,630,128,4781.0516364337545,64.0,2714.4340674286063,2066.617569005148,76.1343807832055
nvidia/Qwen3-8B-NVFP4,630,256,6935.9568625485745,128.0,4781.0516364337545,2154.90522611482,45.07178315526812
nvidia/Qwen3-8B-NVFP4,630,512,8695.387662174842,256.0,6935.9568625485745,1759.4307996262678,25.366807125437855
nvidia/Qwen3-8B-NVFP4,922,128,6066.23690496325,64.0,3449.768068498061,2616.468836465189,75.84477519975222
nvidia/Qwen3-8B-NVFP4,922,256,8749.203110301727,128.0,6066.23690496325,2682.9662053384773,44.22785076434022
nvidia/Qwen3-8B-NVFP4,922,512,11055.221701101305,256.0,8749.203110301727,2306.0185907995783,26.35689858524787
nvidia/Qwen3-8B-NVFP4,930,16,907.5288987418485,8.0,453.6133351582862,453.9155635835623,100.06662688282096
nvidia/Qwen3-8B-NVFP4,930,64,3449.410993748928,16.0,907.5288987418485,2541.8820950070794,280.0882813242657
nvidia/Qwen3-8B-NVFP4,930,512,10951.696947380453,64.0,3449.410993748928,7502.2859536315245,217.4946959706244
nvidia/Qwen3-8B-NVFP4,1230,16,1151.4950847798111,8.0,583.685019784191,567.8100649956201,97.28021891080219
nvidia/Qwen3-8B-NVFP4,1230,64,4339.949248547062,16.0,1151.4950847798111,3188.454163767251,276.89689742591884
nvidia/Qwen3-8B-NVFP4,1230,128,7530.236447624899,64.0,4339.949248547062,3190.2871990778367,73.50978125253165
nvidia/Qwen3-8B-NVFP4,1230,256,10771.903048307766,128.0,7530.236447624899,3241.6666006828673,43.048669497029096
nvidia/Qwen3-8B-NVFP4,1230,512,13151.102573333228,256.0,10771.903048307766,2379.199525025462,22.087086324075553
nvidia/Qwen3-8B-NVFP4,1522,256,13158.592136861776,128.0,9165.644512010054,3992.947624851722,43.5642863916403
nvidia/Qwen3-8B-NVFP4,1530,16,1403.2946273965458,8.0,712.4314872229913,690.8631401735545,96.9725724597731
nvidia/Qwen3-8B-NVFP4,1530,64,5292.917380776755,16.0,1403.2946273965458,3889.622753380209,277.1779124243074
nvidia/Qwen3-8B-NVFP4,1530,512,16091.447524386269,64.0,5292.917380776755,10798.530143609514,204.01849049880298
nvidia/Qwen3-8B-NVFP4,1815,256,15165.557494047194,128.0,10611.329156562897,4554.228337484297,42.918547434442715
nvidia/Qwen3-8B-NVFP4,1815,512,18595.821631150582,256.0,15165.557494047194,3430.264137103388,22.61878034124258
nvidia/Qwen3-8B-NVFP4,1830,16,1649.83092853165,8.0,838.06401383395,811.7669146977,96.86216103994887
nvidia/Qwen3-8B-NVFP4,2115,512,19745.53307778042,128.0,11418.213408251873,8327.319669528546,72.93014565230006
nvidia/Qwen3-8B-NVFP4,2130,16,1873.9164944259915,8.0,954.3659336465442,919.5505607794472,96.35198914382131
nvidia/Qwen3-8B-NVFP4,2407,512,20327.983305632053,256.0,17186.41698182073,3141.566323811323,18.279355883977306
nvidia/Qwen3-8B-NVFP4,2422,64,7445.910694417193,16.0,2025.3471907095923,5420.563503707601,267.63626150479786
