cudagraph_mode,batch_size,target_sm_clock,input_len,model_name,kv_cache_lens,sm_clock,delta_total_energy_mJ,decoding_tokens,during_time_iter,repeat_count,avg_power_saturated,energy_power_based_J,avg_gpu_util,avg_memory_util
NONE,16,330,8192,Qwen/Qwen3-8B_prefill,0,330,3914039,16,38.2538,1,102.37568131868134,3916.2588380285724,100.0,2.620879120879121
NONE,16,330,8192,Qwen/Qwen3-8B_prefill,0,330,3908388,16,38.2415,1,102.21561538461539,3908.8784557307695,100.0,2.587912087912088
NONE,16,330,8192,Qwen/Qwen3-8B_prefill,0,330,3907922,16,38.2484,1,102.19053296703296,3908.6243811362633,100.0,2.587912087912088
FULL,16,330,8192,Qwen/Qwen3-8B_decoding,8192,330,242782,416,1.8019,26,135.27999999999997,243.76103199999997,100.0,31.0
FULL,16,330,8192,Qwen/Qwen3-8B_decoding,8192,330,242610,416,1.8001,26,134.7914,242.63799914000003,100.0,31.0
FULL,16,330,8192,Qwen/Qwen3-8B_decoding,8192,330,242372,416,1.8024,26,135.2899,243.84651576,100.0,31.0
FULL,16,330,8192,Qwen/Qwen3-8B_decoding,8193,330,243385,416,1.8014,26,135.0967,243.36319537999998,100.0,31.0
FULL,16,330,8192,Qwen/Qwen3-8B_decoding,8193,330,242765,416,1.8005,26,134.78660000000002,242.68327330000002,100.0,31.0
FULL,16,330,8192,Qwen/Qwen3-8B_decoding,8193,330,242736,416,1.802,26,135.0266,243.3179332,100.0,31.0
FULL,16,330,8192,Qwen/Qwen3-8B_decoding,8194,330,243233,416,1.8013,26,135.52050000000003,244.11307665000004,100.0,31.0
FULL,16,330,8192,Qwen/Qwen3-8B_decoding,8194,330,242983,416,1.8011,26,135.1511,243.42064621,100.0,31.0
FULL,16,330,8192,Qwen/Qwen3-8B_decoding,8194,330,242625,416,1.8035,26,135.17559999999997,243.78919459999997,100.0,31.0
FULL,16,330,8192,Qwen/Qwen3-8B_decoding,8195,330,256879,416,1.8014,26,135.2419,243.62475865999997,100.0,31.0
FULL,16,330,8192,Qwen/Qwen3-8B_decoding,8195,330,256489,416,1.8027,26,134.5263,242.51056100999998,100.0,31.0
FULL,16,330,8192,Qwen/Qwen3-8B_decoding,8195,330,242604,416,1.8038,26,135.16,243.80160800000002,100.0,31.0
NONE,16,630,8192,Qwen/Qwen3-8B_prefill,0,630,3055859,16,20.5267,1,149.57376530612245,3070.255808309184,100.0,3.806122448979592
NONE,16,630,8192,Qwen/Qwen3-8B_prefill,0,630,3078336,16,20.5266,1,149.61712121212122,3071.1308002727274,100.0,4.2727272727272725
NONE,16,630,8192,Qwen/Qwen3-8B_prefill,0,630,3062425,16,20.5274,1,149.47060204081632,3068.242836332653,100.0,4.224489795918367
FULL,16,630,8192,Qwen/Qwen3-8B_decoding,8192,630,368437,800,2.2326,50,167.6165,374.22059790000003,100.0,47.0
FULL,16,630,8192,Qwen/Qwen3-8B_decoding,8192,630,385838,800,2.2322,50,167.81700000000004,374.6011074000001,100.0,47.0
FULL,16,630,8192,Qwen/Qwen3-8B_decoding,8192,630,369201,800,2.2328,50,168.23666666666668,375.6388293333334,100.0,47.0
FULL,16,630,8192,Qwen/Qwen3-8B_decoding,8193,630,368828,800,2.2335,50,168.028,375.29053799999997,100.0,47.0
FULL,16,630,8192,Qwen/Qwen3-8B_decoding,8193,630,369304,800,2.2317,50,168.3730909090909,375.75822698181815,100.0,47.0
FULL,16,630,8192,Qwen/Qwen3-8B_decoding,8193,630,385890,800,2.2323,50,168.13875,375.33613162499995,100.0,47.0
FULL,16,630,8192,Qwen/Qwen3-8B_decoding,8194,630,385799,800,2.2333,50,167.975,375.13856749999997,100.0,47.0
FULL,16,630,8192,Qwen/Qwen3-8B_decoding,8194,630,369217,800,2.2323,50,168.30945454545457,375.7171953818182,100.0,47.0
FULL,16,630,8192,Qwen/Qwen3-8B_decoding,8194,630,386186,800,2.2321,50,168.22645454545457,375.4982691909091,100.0,47.0
FULL,16,630,8192,Qwen/Qwen3-8B_decoding,8195,630,385579,800,2.2336,50,167.94958333333332,375.1321893333333,100.0,47.0
FULL,16,630,8192,Qwen/Qwen3-8B_decoding,8195,630,369305,800,2.2327,50,168.12272727272727,375.3676131818182,100.0,47.0
FULL,16,630,8192,Qwen/Qwen3-8B_decoding,8195,630,369460,800,2.2334,50,168.3167272727273,375.91857869090916,100.0,47.0
NONE,16,930,8192,Qwen/Qwen3-8B_prefill,0,930,2778189,16,14.5723,1,192.1066,2799.43500718,100.0,6.485714285714286
NONE,16,930,8192,Qwen/Qwen3-8B_prefill,0,930,2782789,16,14.5728,1,192.63487142857142,2807.2294543542857,100.0,7.614285714285714
NONE,16,930,8192,Qwen/Qwen3-8B_prefill,0,930,2784006,16,14.5732,1,192.7266428571428,2808.643911685713,100.0,6.4714285714285715
FULL,16,930,8192,Qwen/Qwen3-8B_decoding,8192,930,555057,1216,3.1287,76,179.27925,560.910989475,100.0,51.0
FULL,16,930,8192,Qwen/Qwen3-8B_decoding,8192,930,555633,1216,3.1288,76,179.53360000000006,561.7247276800002,100.0,51.0
FULL,16,930,8192,Qwen/Qwen3-8B_decoding,8192,930,555808,1216,3.1286,76,179.6976875,562.2021851125,100.0,51.0
FULL,16,930,8192,Qwen/Qwen3-8B_decoding,8193,930,572901,1216,3.1288,76,179.4310625,561.4039083499999,100.0,51.0
FULL,16,930,8192,Qwen/Qwen3-8B_decoding,8193,930,573516,1216,3.1285,76,179.58406666666667,561.8287525666667,100.0,51.0
FULL,16,930,8192,Qwen/Qwen3-8B_decoding,8193,930,573999,1216,3.1278,76,179.71162500000003,562.1020206750001,100.0,51.0
FULL,16,930,8192,Qwen/Qwen3-8B_decoding,8194,930,573405,1216,3.1293,76,179.42239999999998,561.46651632,100.0,51.0
FULL,16,930,8192,Qwen/Qwen3-8B_decoding,8194,930,573858,1216,3.1281,76,179.683125,562.0667833125,100.0,51.0
FULL,16,930,8192,Qwen/Qwen3-8B_decoding,8194,930,574334,1216,3.1285,76,179.6163125,561.92963365625,100.0,51.0
FULL,16,930,8192,Qwen/Qwen3-8B_decoding,8195,930,573285,1216,3.1293,76,179.35006666666666,561.24016362,100.0,51.0
FULL,16,930,8192,Qwen/Qwen3-8B_decoding,8195,930,573700,1216,3.1287,76,179.5046875,561.6163157812499,100.0,51.0
FULL,16,930,8192,Qwen/Qwen3-8B_decoding,8195,930,574038,1216,3.1288,76,179.64879999999997,562.0851654399999,100.0,51.2
NONE,16,1230,8192,Qwen/Qwen3-8B_prefill,0,1230,2823297,16,10.8913,1,258.7151698113208,2817.7445289660377,100.0,11.377358490566039
NONE,16,1230,8192,Qwen/Qwen3-8B_prefill,0,1230,2829957,16,10.8913,1,260.3261509433962,2835.290207769811,100.0,11.0
NONE,16,1230,8192,Qwen/Qwen3-8B_prefill,0,1230,2834173,16,10.8926,1,262.0384528301887,2854.2800512981134,100.0,11.169811320754716
FULL,16,1230,8192,Qwen/Qwen3-8B_decoding,8192,1230,366824,800,1.7755,50,204.13677777777778,362.44484894444446,100.0,60.0
FULL,16,1230,8192,Qwen/Qwen3-8B_decoding,8192,1230,367521,800,1.7758,50,204.438,363.0410004,100.0,60.0
FULL,16,1230,8192,Qwen/Qwen3-8B_decoding,8192,1230,367599,800,1.7752,50,204.64911111111113,363.2931020444444,100.0,60.0
FULL,16,1230,8192,Qwen/Qwen3-8B_decoding,8193,1230,367092,800,1.7755,50,204.16433333333333,362.49377383333336,100.0,60.0
FULL,16,1230,8192,Qwen/Qwen3-8B_decoding,8193,1230,367495,800,1.7761,50,204.5652,363.32825172,100.0,60.0
FULL,16,1230,8192,Qwen/Qwen3-8B_decoding,8193,1230,367887,800,1.7752,50,204.7642222222222,363.49744728888885,100.0,60.0
FULL,16,1230,8192,Qwen/Qwen3-8B_decoding,8194,1230,366607,800,1.7755,50,204.17488888888886,362.5125152222222,100.0,60.0
FULL,16,1230,8192,Qwen/Qwen3-8B_decoding,8194,1230,367633,800,1.7757,50,204.5752,363.26418264,100.0,60.0
FULL,16,1230,8192,Qwen/Qwen3-8B_decoding,8194,1230,367966,800,1.7757,50,204.66622222222225,363.4258108000001,100.0,60.0
FULL,16,1230,8192,Qwen/Qwen3-8B_decoding,8195,1230,366831,800,1.7754,50,203.49244444444446,361.2804858666667,100.0,60.0
FULL,16,1230,8192,Qwen/Qwen3-8B_decoding,8195,1230,346919,800,1.7759,50,204.4674,363.11365566,100.0,60.0
FULL,16,1230,8192,Qwen/Qwen3-8B_decoding,8195,1230,347417,800,1.7755,50,204.59266666666667,363.2542796666667,100.0,60.0
NONE,16,1530,8192,Qwen/Qwen3-8B_prefill,0,1530,2751414,16,8.818,1,307.078511627907,2707.818315534884,100.0,14.395348837209303
NONE,16,1530,8192,Qwen/Qwen3-8B_prefill,0,1530,2685250,16,8.8118,1,305.6350930232558,2693.1953127023257,100.0,14.30232558139535
NONE,16,1530,8192,Qwen/Qwen3-8B_prefill,0,1530,2682559,16,8.8102,1,305.598488372093,2692.383802255814,100.0,14.69767441860465
FULL,16,1530,8192,Qwen/Qwen3-8B_decoding,8192,1530,430105,992,1.7829,62,253.54144444444444,452.03904129999995,100.0,75.0
FULL,16,1530,8192,Qwen/Qwen3-8B_decoding,8192,1530,456048,992,1.7835,62,254.0335,453.06874725,100.0,75.0
FULL,16,1530,8192,Qwen/Qwen3-8B_decoding,8192,1530,456315,992,1.7831,62,253.21620000000001,451.50980622000003,100.0,75.0
FULL,16,1530,8192,Qwen/Qwen3-8B_decoding,8193,1530,455357,992,1.7835,62,250.2866,446.3861511,100.0,75.0
FULL,16,1530,8192,Qwen/Qwen3-8B_decoding,8193,1530,455630,992,1.7838,62,255.05499999999998,454.967109,100.0,75.0
FULL,16,1530,8192,Qwen/Qwen3-8B_decoding,8193,1530,456871,992,1.7838,62,253.79444444444445,452.71853000000004,100.0,75.0
FULL,16,1530,8192,Qwen/Qwen3-8B_decoding,8194,1530,455229,992,1.7834,62,251.75311111111108,448.9764983555555,100.0,75.0
FULL,16,1530,8192,Qwen/Qwen3-8B_decoding,8194,1530,455787,992,1.7839,62,250.99599999999995,447.7517643999999,100.0,75.0
FULL,16,1530,8192,Qwen/Qwen3-8B_decoding,8194,1530,457032,992,1.7838,62,255.4441,455.66118558,100.0,75.0
FULL,16,1530,8192,Qwen/Qwen3-8B_decoding,8195,1530,455429,992,1.7838,62,255.8049,456.30478062000003,100.0,75.0
FULL,16,1530,8192,Qwen/Qwen3-8B_decoding,8195,1530,456456,992,1.784,62,256.56600000000003,457.7137440000001,100.0,75.0
FULL,16,1530,8192,Qwen/Qwen3-8B_decoding,8195,1530,455331,992,1.7839,62,252.02866666666665,449.59393846666666,100.0,75.0
NONE,16,1830,8192,Qwen/Qwen3-8B_prefill,0,1830,3072165,16,7.4326,1,412.85245945945945,3068.5671901783785,100.0,19.594594594594593
NONE,16,1830,8192,Qwen/Qwen3-8B_prefill,0,1830,3126704,16,7.4305,1,418.01856756756763,3106.0869663108115,100.0,17.62162162162162
NONE,16,1830,8192,Qwen/Qwen3-8B_prefill,0,1830,3090173,16,7.4301,1,419.99737837837836,3120.6225210891894,100.0,19.324324324324323
FULL,16,1830,8192,Qwen/Qwen3-8B_decoding,8192,1830,546420,1200,1.86,75,287.2969,534.372234,100.0,87.0
FULL,16,1830,8192,Qwen/Qwen3-8B_decoding,8192,1830,500502,1200,1.8605,75,278.929,518.9474045,100.0,87.0
FULL,16,1830,8192,Qwen/Qwen3-8B_decoding,8192,1830,528688,1200,1.8604,75,278.5716,518.25460464,100.0,87.0
FULL,16,1830,8192,Qwen/Qwen3-8B_decoding,8193,1830,546760,1200,1.86,75,288.07360000000006,535.8168960000002,100.0,87.0
FULL,16,1830,8192,Qwen/Qwen3-8B_decoding,8193,1830,499648,1200,1.8607,75,278.08959999999996,517.4413187199999,100.0,87.0
FULL,16,1830,8192,Qwen/Qwen3-8B_decoding,8193,1830,528617,1200,1.8607,75,279.1608,519.43450056,100.0,87.0
FULL,16,1830,8192,Qwen/Qwen3-8B_decoding,8194,1830,546386,1200,1.8601,75,287.7697,535.28041897,100.0,87.0
FULL,16,1830,8192,Qwen/Qwen3-8B_decoding,8194,1830,499908,1200,1.8609,75,278.0185,517.36462665,100.0,87.0
FULL,16,1830,8192,Qwen/Qwen3-8B_decoding,8194,1830,527913,1200,1.8607,75,277.8094,516.91995058,100.0,87.0
FULL,16,1830,8192,Qwen/Qwen3-8B_decoding,8195,1830,546271,1200,1.8603,75,287.8039,535.4015951700001,100.0,87.0
FULL,16,1830,8192,Qwen/Qwen3-8B_decoding,8195,1830,547755,1200,1.8607,75,287.5161,534.98120727,100.0,87.0
FULL,16,1830,8192,Qwen/Qwen3-8B_decoding,8195,1830,500065,1200,1.8608,75,277.6866,516.71922528,100.0,87.0
NONE,16,2130,8192,Qwen/Qwen3-8B_prefill,0,2130,3400497,16,6.457,1,534.8241875,3453.3597786875,100.0,21.3125
NONE,16,2130,8192,Qwen/Qwen3-8B_prefill,0,2130,3480488,16,6.4572,1,533.96925,3447.9462411,100.0,21.09375
NONE,16,2130,8192,Qwen/Qwen3-8B_prefill,0,2130,3478900,16,6.4569,1,537.9387187499999,3473.4165130968745,100.0,21.28125
FULL,16,2130,8192,Qwen/Qwen3-8B_decoding,8192,2130,659672,1392,2.0846,87,314.6008181818181,655.8168655818181,100.0,90.0
FULL,16,2130,8192,Qwen/Qwen3-8B_decoding,8192,2130,662856,1392,2.0852,87,315.9000909090909,658.7148695636364,100.0,90.0
FULL,16,2130,8192,Qwen/Qwen3-8B_decoding,8192,2130,663776,1392,2.0852,87,316.6394545454545,660.2565906181817,100.0,90.0
FULL,16,2130,8192,Qwen/Qwen3-8B_decoding,8193,2130,658677,1392,2.0847,87,314.1511818181818,654.9109687363637,100.0,90.0
FULL,16,2130,8192,Qwen/Qwen3-8B_decoding,8193,2130,661786,1392,2.0852,87,315.3975454545455,657.6669617818183,100.0,90.0
FULL,16,2130,8192,Qwen/Qwen3-8B_decoding,8193,2130,631381,1392,2.0849,87,316.09890909090905,659.0346155636363,100.0,90.0
FULL,16,2130,8192,Qwen/Qwen3-8B_decoding,8194,2130,657729,1392,2.085,87,313.71763636363636,654.1012718181818,100.0,90.0
FULL,16,2130,8192,Qwen/Qwen3-8B_decoding,8194,2130,660742,1392,2.0854,87,314.637,656.1439998,100.0,90.0
FULL,16,2130,8192,Qwen/Qwen3-8B_decoding,8194,2130,661536,1392,2.0853,87,315.5265454545455,657.9675052363638,100.0,90.0
FULL,16,2130,8192,Qwen/Qwen3-8B_decoding,8195,2130,658555,1392,2.0852,87,314.0942727272727,654.949377490909,100.0,90.0
FULL,16,2130,8192,Qwen/Qwen3-8B_decoding,8195,2130,659667,1392,2.0855,87,314.59527272727274,656.0884412727273,100.0,90.0
FULL,16,2130,8192,Qwen/Qwen3-8B_decoding,8195,2130,660936,1392,2.0856,87,315.1291818181818,657.2334215999999,100.0,90.0
NONE,16,2430,8192,Qwen/Qwen3-8B_prefill,0,2242,3723776,16,6.205,1,598.8317741935483,3715.751158870967,100.0,21.64516129032258
NONE,16,2430,8192,Qwen/Qwen3-8B_prefill,0,2241,3718386,16,6.2158,1,600.4758064516128,3732.4375177419347,100.0,22.419354838709676
NONE,16,2430,8192,Qwen/Qwen3-8B_prefill,0,2240,3724091,16,6.2211,1,602.8930645161289,3750.6580436612894,100.0,21.612903225806452
FULL,16,2430,8192,Qwen/Qwen3-8B_decoding,8192,2422,871219,1600,2.364,100,379.172,896.362608,100.0,91.0
FULL,16,2430,8192,Qwen/Qwen3-8B_decoding,8192,2422,913529,1600,2.3646,100,381.1139166666667,901.1819673499999,100.0,91.0
FULL,16,2430,8192,Qwen/Qwen3-8B_decoding,8192,2422,877507,1600,2.364,100,381.9718333333333,902.9814139999999,100.0,91.0
FULL,16,2430,8192,Qwen/Qwen3-8B_decoding,8193,2422,907631,1600,2.3639,100,378.60083333333336,894.9745099166668,100.0,91.0
FULL,16,2430,8192,Qwen/Qwen3-8B_decoding,8193,2422,873784,1600,2.3646,100,380.1478333333334,898.8975667000001,100.0,91.0
FULL,16,2430,8192,Qwen/Qwen3-8B_decoding,8193,2422,914068,1600,2.3637,100,381.224,901.0991688,100.0,91.0
FULL,16,2430,8192,Qwen/Qwen3-8B_decoding,8194,2422,868820,1600,2.3643,100,378.10125,893.944785375,100.0,91.0
FULL,16,2430,8192,Qwen/Qwen3-8B_decoding,8194,2422,909678,1600,2.3648,100,379.56883333333326,897.6043770666664,100.0,91.0
FULL,16,2430,8192,Qwen/Qwen3-8B_decoding,8194,2422,873720,1600,2.3639,100,380.3860833333333,899.1946623916667,100.0,91.0
FULL,16,2430,8192,Qwen/Qwen3-8B_decoding,8195,2422,905042,1600,2.3642,100,377.61941666666667,892.7678248833333,100.0,91.0
FULL,16,2430,8192,Qwen/Qwen3-8B_decoding,8195,2422,870607,1600,2.3649,100,379.07424999999995,896.4726938249999,100.0,91.0
FULL,16,2430,8192,Qwen/Qwen3-8B_decoding,8195,2422,910279,1600,2.3641,100,379.6519999999999,897.5352931999997,100.0,91.0
NONE,16,330,4096,Qwen/Qwen3-8B_prefill,0,330,1831198,16,17.2783,1,106.12153012048192,1833.5996338807229,100.0,2.4939759036144578
NONE,16,330,4096,Qwen/Qwen3-8B_prefill,0,330,1799750,16,17.273,1,104.43924096385543,1803.9790091686748,100.0,2.7951807228915664
NONE,16,330,4096,Qwen/Qwen3-8B_prefill,0,330,1788975,16,17.2714,1,104.11902409638556,1798.2813127783136,100.0,2.6265060240963853
FULL,16,330,4096,Qwen/Qwen3-8B_decoding,4096,330,236292,544,1.7819,34,131.75009999999997,234.76550318999995,100.0,29.0
FULL,16,330,4096,Qwen/Qwen3-8B_decoding,4096,330,234341,544,1.7799,34,130.35989999999998,232.02758600999996,100.0,29.0
FULL,16,330,4096,Qwen/Qwen3-8B_decoding,4096,330,233491,544,1.781,34,130.47270000000003,232.37187870000005,100.0,29.0
FULL,16,330,4096,Qwen/Qwen3-8B_decoding,4097,330,236475,544,1.7814,34,131.4376,234.14294064,100.0,29.0
FULL,16,330,4096,Qwen/Qwen3-8B_decoding,4097,330,234274,544,1.7807,34,130.1678,231.78980146,100.0,29.0
FULL,16,330,4096,Qwen/Qwen3-8B_decoding,4097,330,233556,544,1.7812,34,129.7237,231.06385444,100.0,29.0
FULL,16,330,4096,Qwen/Qwen3-8B_decoding,4098,330,236662,544,1.781,34,131.6618,234.48966579999998,100.0,29.0
FULL,16,330,4096,Qwen/Qwen3-8B_decoding,4098,330,234424,544,1.7802,34,130.47877777777776,232.27832019999997,100.0,29.0
FULL,16,330,4096,Qwen/Qwen3-8B_decoding,4098,330,233808,544,1.7816,34,130.03650000000002,231.67302840000005,100.0,29.0
FULL,16,330,4096,Qwen/Qwen3-8B_decoding,4099,330,236189,544,1.7802,34,131.22949999999997,233.61475589999995,100.0,29.0
FULL,16,330,4096,Qwen/Qwen3-8B_decoding,4099,330,234721,544,1.782,34,130.36744444444446,232.31478600000003,100.0,29.0
FULL,16,330,4096,Qwen/Qwen3-8B_decoding,4099,330,233531,544,1.7814,34,129.3308,230.38988712000003,100.0,29.0
NONE,16,630,4096,Qwen/Qwen3-8B_prefill,0,630,1412573,16,9.2845,1,151.994,1411.188293,100.0,4.2444444444444445
NONE,16,630,4096,Qwen/Qwen3-8B_prefill,0,630,1415445,16,9.2832,1,152.2464888888889,1413.3346056533337,100.0,4.333333333333333
NONE,16,630,4096,Qwen/Qwen3-8B_prefill,0,630,1416482,16,9.2849,1,152.50379999999996,1415.9825326199996,100.0,4.044444444444444
FULL,16,630,4096,Qwen/Qwen3-8B_decoding,4096,630,368663,1056,2.2703,66,160.30641666666665,363.9436577583333,100.0,44.0
FULL,16,630,4096,Qwen/Qwen3-8B_decoding,4096,630,357961,1056,2.1895,66,162.89481818181818,356.6582044090909,100.0,45.0
FULL,16,630,4096,Qwen/Qwen3-8B_decoding,4096,630,356601,1056,2.1894,66,163.28509090909094,357.4963780363637,100.0,45.0
FULL,16,630,4096,Qwen/Qwen3-8B_decoding,4097,630,357705,1056,2.1894,66,162.9801818181818,356.8288100727272,100.0,45.0
FULL,16,630,4096,Qwen/Qwen3-8B_decoding,4097,630,358146,1056,2.191,66,163.15645454545458,357.47579190909096,100.0,45.0
FULL,16,630,4096,Qwen/Qwen3-8B_decoding,4097,630,358065,1056,2.1897,66,163.30309090909094,357.5847781636365,100.0,45.0
FULL,16,630,4096,Qwen/Qwen3-8B_decoding,4098,630,358002,1056,2.1894,66,163.21945454545454,357.35267378181817,100.0,45.0
FULL,16,630,4096,Qwen/Qwen3-8B_decoding,4098,630,358204,1056,2.1906,66,163.18836363636365,357.48042938181817,100.0,45.0
FULL,16,630,4096,Qwen/Qwen3-8B_decoding,4098,630,358359,1056,2.1895,66,163.57391666666666,358.1450905416666,100.0,45.0
FULL,16,630,4096,Qwen/Qwen3-8B_decoding,4099,630,358230,1056,2.1903,66,163.26663636363637,357.60291362727276,100.0,45.0
FULL,16,630,4096,Qwen/Qwen3-8B_decoding,4099,630,358285,1056,2.1915,66,163.26090909090908,357.78628227272725,100.0,45.0
FULL,16,630,4096,Qwen/Qwen3-8B_decoding,4099,630,358222,1056,2.1909,66,163.42572727272727,358.0494258818182,100.0,45.0
NONE,16,930,4096,Qwen/Qwen3-8B_prefill,0,930,1287974,16,6.6014,1,195.75925,1292.28511295,100.0,7.5
NONE,16,930,4096,Qwen/Qwen3-8B_prefill,0,930,1288854,16,6.6036,1,195.0516875,1288.0433235750002,100.0,7.96875
NONE,16,930,4096,Qwen/Qwen3-8B_prefill,0,930,1289532,16,6.6007,1,195.61425000000003,1291.1909799750001,100.0,7.5
FULL,16,930,4096,Qwen/Qwen3-8B_decoding,4096,930,522677,1568,2.994,98,174.40273333333332,522.1617836,100.0,49.0
FULL,16,930,4096,Qwen/Qwen3-8B_decoding,4096,930,523162,1568,2.9933,98,174.5474,522.47273242,100.0,49.0
FULL,16,930,4096,Qwen/Qwen3-8B_decoding,4096,930,523587,1568,2.9931,98,174.73693333333333,523.00511516,100.0,49.0
FULL,16,930,4096,Qwen/Qwen3-8B_decoding,4097,930,522840,1568,2.9938,98,174.5085333333333,522.4436470933332,100.0,49.0
FULL,16,930,4096,Qwen/Qwen3-8B_decoding,4097,930,523052,1568,2.9931,98,174.55373333333335,522.4567792400001,100.0,49.0
FULL,16,930,4096,Qwen/Qwen3-8B_decoding,4097,930,523753,1568,2.9929,98,174.8219333333333,523.2245642733333,100.0,49.0
FULL,16,930,4096,Qwen/Qwen3-8B_decoding,4098,930,522877,1568,2.9934,98,174.5900666666667,522.61790556,100.0,49.0
FULL,16,930,4096,Qwen/Qwen3-8B_decoding,4098,930,523550,1568,2.9924,98,174.7432,522.90155168,100.0,49.0
FULL,16,930,4096,Qwen/Qwen3-8B_decoding,4098,930,523498,1568,2.9925,98,174.84106666666668,523.211892,100.0,49.0
FULL,16,930,4096,Qwen/Qwen3-8B_decoding,4099,930,523042,1568,2.9939,98,174.48913333333337,522.4030162866668,100.0,49.0
FULL,16,930,4096,Qwen/Qwen3-8B_decoding,4099,930,523353,1568,2.9931,98,174.6170666666667,522.6463422400001,100.0,49.0
FULL,16,930,4096,Qwen/Qwen3-8B_decoding,4099,930,523815,1568,2.9933,98,174.95499999999998,523.6928015,100.0,49.0
NONE,16,1230,4096,Qwen/Qwen3-8B_prefill,0,1230,1316295,16,4.9387,1,263.067375,1299.2108449125,100.0,11.958333333333334
NONE,16,1230,4096,Qwen/Qwen3-8B_prefill,0,1230,1319643,16,4.9377,1,263.83525000000003,1302.7393139250003,100.0,11.916666666666666
NONE,16,1230,4096,Qwen/Qwen3-8B_prefill,0,1230,1321112,16,4.9383,1,264.95772,1308.440708676,100.0,11.92
FULL,16,1230,4096,Qwen/Qwen3-8B_decoding,4096,1230,356195,1040,1.7177,65,197.74355555555556,339.6641053777778,100.0,57.0
FULL,16,1230,4096,Qwen/Qwen3-8B_decoding,4096,1230,356943,1040,1.7174,65,198.27344444444444,340.5148134888889,100.0,57.0
FULL,16,1230,4096,Qwen/Qwen3-8B_decoding,4096,1230,357261,1040,1.7184,65,198.21655555555554,340.6153290666666,100.0,57.0
FULL,16,1230,4096,Qwen/Qwen3-8B_decoding,4097,1230,356002,1040,1.7177,65,198.0793333333333,340.2408708666666,100.0,57.0
FULL,16,1230,4096,Qwen/Qwen3-8B_decoding,4097,1230,356755,1040,1.7174,65,198.45100000000002,340.81974740000004,100.0,57.0
FULL,16,1230,4096,Qwen/Qwen3-8B_decoding,4097,1230,357196,1040,1.7178,65,198.60088888888887,341.1566069333333,100.0,57.0
FULL,16,1230,4096,Qwen/Qwen3-8B_decoding,4098,1230,336643,1040,1.7175,65,198.17311111111113,340.36231833333335,100.0,57.0
FULL,16,1230,4096,Qwen/Qwen3-8B_decoding,4098,1230,337171,1040,1.7169,65,198.52244444444443,340.84318486666666,100.0,57.0
FULL,16,1230,4096,Qwen/Qwen3-8B_decoding,4098,1230,337376,1040,1.7178,65,198.82644444444446,341.5440662666667,100.0,57.0
FULL,16,1230,4096,Qwen/Qwen3-8B_decoding,4099,1230,336414,1040,1.7177,65,198.20222222222222,340.4519571111111,100.0,57.0
FULL,16,1230,4096,Qwen/Qwen3-8B_decoding,4099,1230,337158,1040,1.7174,65,198.71800000000002,341.27829320000006,100.0,57.0
FULL,16,1230,4096,Qwen/Qwen3-8B_decoding,4099,1230,337279,1040,1.7178,65,198.7698888888889,341.44691513333333,100.0,57.0
NONE,16,1530,4096,Qwen/Qwen3-8B_prefill,0,1528,1324579,16,4.0056,1,327.6898,1312.59426288,100.0,16.4
NONE,16,1530,4096,Qwen/Qwen3-8B_prefill,0,1530,1278604,16,3.9979,1,319.6577,1277.95951883,100.0,16.3
NONE,16,1530,4096,Qwen/Qwen3-8B_prefill,0,1530,1263543,16,3.9976,1,314.0124,1255.29597024,100.0,15.85
FULL,16,1530,4096,Qwen/Qwen3-8B_decoding,4096,1530,440550,1296,1.7367,81,244.8558888888889,425.2412222333333,100.0,71.0
FULL,16,1530,4096,Qwen/Qwen3-8B_decoding,4096,1530,441899,1296,1.7365,81,245.745,426.7361925,100.0,71.0
FULL,16,1530,4096,Qwen/Qwen3-8B_decoding,4096,1530,442593,1296,1.7353,81,245.4058888888889,425.85283898888895,100.0,71.0
FULL,16,1530,4096,Qwen/Qwen3-8B_decoding,4097,1530,440868,1296,1.7366,81,244.57222222222222,424.7241211111111,100.0,71.0
FULL,16,1530,4096,Qwen/Qwen3-8B_decoding,4097,1530,417413,1296,1.7364,81,244.34533333333334,424.2812368,100.0,71.0
FULL,16,1530,4096,Qwen/Qwen3-8B_decoding,4097,1530,418215,1296,1.735,81,246.51933333333332,427.71104333333335,100.0,71.0
FULL,16,1530,4096,Qwen/Qwen3-8B_decoding,4098,1530,416254,1296,1.7366,81,245.40622222222223,426.1724455111111,100.0,71.0
FULL,16,1530,4096,Qwen/Qwen3-8B_decoding,4098,1530,417876,1296,1.7367,81,246.01377777777782,427.25212786666674,100.0,71.0
FULL,16,1530,4096,Qwen/Qwen3-8B_decoding,4098,1530,418197,1296,1.7349,81,246.32755555555553,427.35367613333335,100.0,71.0
FULL,16,1530,4096,Qwen/Qwen3-8B_decoding,4099,1530,416625,1296,1.7369,81,245.48699999999997,426.38637029999995,100.0,71.0
FULL,16,1530,4096,Qwen/Qwen3-8B_decoding,4099,1530,417289,1296,1.7365,81,245.89022222222223,426.9883708888889,100.0,71.0
FULL,16,1530,4096,Qwen/Qwen3-8B_decoding,4099,1530,418008,1296,1.7352,81,246.23244444444447,427.2625376000001,100.0,71.0
NONE,16,1830,4096,Qwen/Qwen3-8B_prefill,0,1830,1425670,16,3.3736,1,418.7657647058823,1412.7481838117646,100.0,19.705882352941178
NONE,16,1830,4096,Qwen/Qwen3-8B_prefill,0,1830,1429457,16,3.3734,1,419.7054705882353,1415.8344344823531,100.0,19.294117647058822
NONE,16,1830,4096,Qwen/Qwen3-8B_prefill,0,1830,1392211,16,3.3735,1,422.46276470588236,1425.1781367352942,100.0,19.352941176470587
FULL,16,1830,4096,Qwen/Qwen3-8B_decoding,4096,1830,520330,1552,1.7901,97,289.38649999999996,518.0307736499999,100.0,83.0
FULL,16,1830,4096,Qwen/Qwen3-8B_decoding,4096,1830,502405,1552,1.7899,97,279.43000000000006,500.15175700000015,100.0,83.0
FULL,16,1830,4096,Qwen/Qwen3-8B_decoding,4096,1830,503240,1552,1.7896,97,279.6816,500.51819136,100.0,83.0
FULL,16,1830,4096,Qwen/Qwen3-8B_decoding,4097,1830,520586,1552,1.79,97,289.0493333333334,517.3983066666667,100.0,83.0
FULL,16,1830,4096,Qwen/Qwen3-8B_decoding,4097,1830,502513,1552,1.79,97,279.4312,500.181848,100.0,83.0
FULL,16,1830,4096,Qwen/Qwen3-8B_decoding,4097,1830,503520,1552,1.7892,97,280.3616666666667,501.623094,100.0,83.0
FULL,16,1830,4096,Qwen/Qwen3-8B_decoding,4098,1830,520627,1552,1.7898,97,289.3052,517.7984469600001,100.0,83.0
FULL,16,1830,4096,Qwen/Qwen3-8B_decoding,4098,1830,521993,1552,1.79,97,290.2644,519.5732760000001,100.0,83.0
FULL,16,1830,4096,Qwen/Qwen3-8B_decoding,4098,1830,503178,1552,1.7893,97,279.8188999999999,500.6799577699998,100.0,83.0
FULL,16,1830,4096,Qwen/Qwen3-8B_decoding,4099,1830,520663,1552,1.7901,97,289.7468,518.67574668,100.0,83.0
FULL,16,1830,4096,Qwen/Qwen3-8B_decoding,4099,1830,521879,1552,1.7901,97,289.80499999999995,518.7799304999999,100.0,83.0
FULL,16,1830,4096,Qwen/Qwen3-8B_decoding,4099,1830,502837,1552,1.7896,97,279.8758888888889,500.86589075555554,100.0,83.0
NONE,16,2130,4096,Qwen/Qwen3-8B_prefill,0,2130,1605862,16,2.9344,1,535.5597333333333,1571.5464814933332,100.0,23.4
NONE,16,2130,4096,Qwen/Qwen3-8B_prefill,0,2130,1555790,16,2.9347,1,536.606,1574.7776282,100.0,23.066666666666666
NONE,16,2130,4096,Qwen/Qwen3-8B_prefill,0,2130,1559337,16,2.9345,1,536.3199999999999,1573.8310399999998,100.0,23.666666666666668
FULL,16,2130,4096,Qwen/Qwen3-8B_decoding,4096,2130,609036,1808,1.9954,113,304.8287272727273,608.2552424,100.0,86.0
FULL,16,2130,4096,Qwen/Qwen3-8B_decoding,4096,2130,610743,1808,1.9965,113,305.8399090909091,610.6093784999999,100.0,86.0
FULL,16,2130,4096,Qwen/Qwen3-8B_decoding,4096,2130,611736,1808,1.9963,113,306.48760000000004,611.8411958800001,100.0,86.0
FULL,16,2130,4096,Qwen/Qwen3-8B_decoding,4097,2130,608803,1808,1.9953,113,304.9462,608.45915286,100.0,86.0
FULL,16,2130,4096,Qwen/Qwen3-8B_decoding,4097,2130,610497,1808,1.9962,113,305.7708181818182,610.3797072545455,100.0,86.0
FULL,16,2130,4096,Qwen/Qwen3-8B_decoding,4097,2130,611840,1808,1.9961,113,306.52181818181816,611.8482012727272,100.0,86.0
FULL,16,2130,4096,Qwen/Qwen3-8B_decoding,4098,2130,608788,1808,1.9955,113,304.4297,607.48946635,100.0,86.0
FULL,16,2130,4096,Qwen/Qwen3-8B_decoding,4098,2130,610008,1808,1.9962,113,305.2602,609.36041124,100.0,86.0
FULL,16,2130,4096,Qwen/Qwen3-8B_decoding,4098,2130,611523,1808,1.9961,113,305.9674545454545,610.7416360181817,100.0,86.0
FULL,16,2130,4096,Qwen/Qwen3-8B_decoding,4099,2130,608366,1808,1.9955,113,304.61081818181816,607.8508876818181,100.0,86.0
FULL,16,2130,4096,Qwen/Qwen3-8B_decoding,4099,2130,609975,1808,1.9965,113,305.32579999999996,609.5829597,100.0,86.0
FULL,16,2130,4096,Qwen/Qwen3-8B_decoding,4099,2130,610876,1808,1.9965,113,305.709,610.3480185,100.0,86.0
NONE,16,2430,4096,Qwen/Qwen3-8B_prefill,0,2237,3414698,32,5.6596,2,599.5890357142858,3393.434106528572,100.0,24.464285714285715
NONE,16,2430,4096,Qwen/Qwen3-8B_prefill,0,2234,3415396,32,5.6672,2,599.2096428571429,3395.840888,100.0,24.142857142857142
NONE,16,2430,4096,Qwen/Qwen3-8B_prefill,0,2231,3355748,32,5.6766,2,598.8428928571428,3399.3915655928568,100.0,24.107142857142858
FULL,16,2430,4096,Qwen/Qwen3-8B_decoding,4096,2422,808094,2080,2.2554,130,367.7526666666667,829.4293644,100.0,88.0
FULL,16,2430,4096,Qwen/Qwen3-8B_decoding,4096,2422,849585,2080,2.2556,130,369.9515833333333,834.4627913666666,100.0,88.0
FULL,16,2430,4096,Qwen/Qwen3-8B_decoding,4096,2422,852452,2080,2.2558,130,371.09799999999996,837.1228683999998,100.0,88.0
FULL,16,2430,4096,Qwen/Qwen3-8B_decoding,4097,2422,807866,2080,2.2551,130,367.69225,829.1827929750001,100.0,88.0
FULL,16,2430,4096,Qwen/Qwen3-8B_decoding,4097,2422,811956,2080,2.2555,130,369.5788333333333,833.5850585833333,100.0,88.0
FULL,16,2430,4096,Qwen/Qwen3-8B_decoding,4097,2422,851651,2080,2.2555,130,370.68941666666666,836.0899792916666,100.0,88.0
FULL,16,2430,4096,Qwen/Qwen3-8B_decoding,4098,2422,843887,2080,2.2552,130,367.4495833333333,828.6723003333332,100.0,88.0
FULL,16,2430,4096,Qwen/Qwen3-8B_decoding,4098,2422,847860,2080,2.2555,130,369.2404166666667,832.8217597916668,100.0,88.0
FULL,16,2430,4096,Qwen/Qwen3-8B_decoding,4098,2422,813261,2080,2.2558,130,370.20008333333334,835.0973479833333,100.0,88.0
FULL,16,2430,4096,Qwen/Qwen3-8B_decoding,4099,2422,843985,2080,2.2555,130,367.35425000000004,828.5675108750002,100.0,88.0
FULL,16,2430,4096,Qwen/Qwen3-8B_decoding,4099,2422,847855,2080,2.2557,130,368.7923333333333,831.8848663,100.0,88.0
FULL,16,2430,4096,Qwen/Qwen3-8B_decoding,4099,2422,849422,2080,2.2558,130,369.8210000000001,834.2422118000001,100.0,88.0
NONE,16,330,1024,Qwen/Qwen3-8B_prefill,0,330,439831,16,4.0277,1,109.89104999999999,442.608182085,100.0,2.8
NONE,16,330,1024,Qwen/Qwen3-8B_prefill,0,330,433655,16,4.0317,1,107.9647,435.28128098999997,100.0,2.6
NONE,16,330,1024,Qwen/Qwen3-8B_prefill,0,330,441032,16,4.0293,1,107.53450000000001,433.28876085,100.0,2.7
FULL,16,330,1024,Qwen/Qwen3-8B_decoding,1024,330,238868,768,1.8945,48,125.9546,238.6209897,100.0,26.0
FULL,16,330,1024,Qwen/Qwen3-8B_decoding,1024,330,236303,768,1.8937,48,124.57710000000002,235.91165427,100.0,26.0
FULL,16,330,1024,Qwen/Qwen3-8B_decoding,1024,330,223085,768,1.8905,48,123.71260000000002,233.87867030000004,100.0,26.1
FULL,16,330,1024,Qwen/Qwen3-8B_decoding,1025,330,238521,768,1.897,48,125.82560000000001,238.6911632,100.0,26.0
FULL,16,330,1024,Qwen/Qwen3-8B_decoding,1025,330,236474,768,1.8933,48,124.7268,236.14525043999998,100.0,26.2
FULL,16,330,1024,Qwen/Qwen3-8B_decoding,1025,330,235277,768,1.8907,48,123.8436,234.15109452,100.0,26.0
FULL,16,330,1024,Qwen/Qwen3-8B_decoding,1026,330,238220,768,1.8978,48,125.57440000000001,238.31509632,100.0,26.0
FULL,16,330,1024,Qwen/Qwen3-8B_decoding,1026,330,236442,768,1.8928,48,124.4405,235.5409784,100.0,26.0
FULL,16,330,1024,Qwen/Qwen3-8B_decoding,1026,330,235190,768,1.8908,48,123.8371,234.15118868000002,100.0,26.4
FULL,16,330,1024,Qwen/Qwen3-8B_decoding,1027,330,237654,768,1.8954,48,125.1614,237.23091756,100.0,26.0
FULL,16,330,1024,Qwen/Qwen3-8B_decoding,1027,330,236202,768,1.8926,48,124.7403,236.08349178,100.0,26.0
FULL,16,330,1024,Qwen/Qwen3-8B_decoding,1027,330,235299,768,1.8879,48,124.30610000000001,234.67748619000002,100.0,26.4
NONE,16,630,1024,Qwen/Qwen3-8B_prefill,0,630,327908,16,2.1678,1,155.52954545454546,337.15694863636367,100.0,5.454545454545454
NONE,16,630,1024,Qwen/Qwen3-8B_prefill,0,630,343761,16,2.1677,1,156.0536666666667,338.2775332333334,100.0,5.25
NONE,16,630,1024,Qwen/Qwen3-8B_prefill,0,630,327546,16,2.1674,1,156.30216666666664,338.7693160333333,100.0,5.416666666666667
FULL,16,630,1024,Qwen/Qwen3-8B_decoding,1024,630,358637,1472,2.2819,92,156.40725,356.905703775,100.0,42.0
FULL,16,630,1024,Qwen/Qwen3-8B_decoding,1024,630,358780,1472,2.2813,92,156.04800000000003,355.9923024,100.0,42.0
FULL,16,630,1024,Qwen/Qwen3-8B_decoding,1024,630,358209,1472,2.2814,92,156.09925,356.12482895000005,100.0,42.0
FULL,16,630,1024,Qwen/Qwen3-8B_decoding,1025,630,358379,1472,2.2848,92,156.07133333333334,356.59178240000006,100.0,42.0
FULL,16,630,1024,Qwen/Qwen3-8B_decoding,1025,630,358303,1472,2.2837,92,156.01091666666667,356.28213039166667,100.0,42.0
FULL,16,630,1024,Qwen/Qwen3-8B_decoding,1025,630,358415,1472,2.2846,92,155.89508333333333,356.15790738333334,100.0,42.0
FULL,16,630,1024,Qwen/Qwen3-8B_decoding,1026,630,358317,1472,2.2843,92,156.17733333333337,356.7558825333334,100.0,42.0
FULL,16,630,1024,Qwen/Qwen3-8B_decoding,1026,630,358391,1472,2.2847,92,156.05216666666666,356.5323851833333,100.0,42.0
FULL,16,630,1024,Qwen/Qwen3-8B_decoding,1026,630,357834,1472,2.2841,92,156.0755833333333,356.4922398916666,100.0,42.0
FULL,16,630,1024,Qwen/Qwen3-8B_decoding,1027,630,358164,1472,2.285,92,156.16775,356.84330875000006,100.0,42.0
FULL,16,630,1024,Qwen/Qwen3-8B_decoding,1027,630,342905,1472,2.2853,92,156.01491666666666,356.54088905833333,100.0,42.0
FULL,16,630,1024,Qwen/Qwen3-8B_decoding,1027,630,358238,1472,2.2838,92,156.09208333333333,356.4830999166666,100.0,42.0
NONE,16,930,1024,Qwen/Qwen3-8B_prefill,0,930,297696,16,1.5539,1,198.30255555555556,308.1423410777778,100.0,9.777777777777779
NONE,16,930,1024,Qwen/Qwen3-8B_prefill,0,930,297920,16,1.5524,1,199.16766666666666,309.1878857333333,100.0,9.444444444444445
NONE,16,930,1024,Qwen/Qwen3-8B_prefill,0,930,298162,16,1.5523,1,199.4957777777778,309.6772958444445,100.0,9.222222222222221
FULL,16,930,1024,Qwen/Qwen3-8B_decoding,1024,930,505249,2176,3.0466,136,168.73013333333336,514.0532242133335,100.0,47.0
FULL,16,930,1024,Qwen/Qwen3-8B_decoding,1024,930,505728,2176,3.0463,136,168.7131333333333,513.9508180733333,100.0,47.0
FULL,16,930,1024,Qwen/Qwen3-8B_decoding,1024,930,505789,2176,3.0474,136,168.8422,514.52972028,100.0,47.0
FULL,16,930,1024,Qwen/Qwen3-8B_decoding,1025,930,505337,2176,3.047,136,168.78580000000002,514.2903326,100.0,47.0
FULL,16,930,1024,Qwen/Qwen3-8B_decoding,1025,930,505433,2176,3.047,136,168.66593333333333,513.9250988666666,100.0,47.0
FULL,16,930,1024,Qwen/Qwen3-8B_decoding,1025,930,505576,2176,3.0469,136,168.76359999999997,514.2058128399999,100.0,47.0
FULL,16,930,1024,Qwen/Qwen3-8B_decoding,1026,930,522293,2176,3.0481,136,168.61806666666664,513.9647290066665,100.0,46.86666666666667
FULL,16,930,1024,Qwen/Qwen3-8B_decoding,1026,930,522665,2176,3.0476,136,168.75973333333334,514.3121633066667,100.0,47.0
FULL,16,930,1024,Qwen/Qwen3-8B_decoding,1026,930,522769,2176,3.0474,136,168.77086666666668,514.31233908,100.0,47.0
FULL,16,930,1024,Qwen/Qwen3-8B_decoding,1027,930,522010,2176,3.0484,136,168.7747333333333,514.4928970933332,100.0,46.93333333333333
FULL,16,930,1024,Qwen/Qwen3-8B_decoding,1027,930,522429,2176,3.0475,136,168.83213333333333,514.5159263333333,100.0,47.0
FULL,16,930,1024,Qwen/Qwen3-8B_decoding,1027,930,522503,2176,3.048,136,168.82519999999997,514.5792095999999,100.0,47.0
NONE,16,1230,1024,Qwen/Qwen3-8B_prefill,0,1230,636563,32,2.3172,2,265.5470833333333,615.3257015,100.0,14.333333333333334
NONE,16,1230,1024,Qwen/Qwen3-8B_prefill,0,1230,611170,32,2.3166,2,266.04783333333336,616.3264107000001,100.0,14.25
NONE,16,1230,1024,Qwen/Qwen3-8B_prefill,0,1230,610699,32,2.317,2,266.38958333333335,617.2246645833334,100.0,14.166666666666666
FULL,16,1230,1024,Qwen/Qwen3-8B_decoding,1024,1230,347116,1456,1.7553,91,192.6633333333333,338.181949,100.0,54.333333333333336
FULL,16,1230,1024,Qwen/Qwen3-8B_decoding,1024,1230,328271,1456,1.7544,91,193.52366666666666,339.51792079999996,100.0,54.333333333333336
FULL,16,1230,1024,Qwen/Qwen3-8B_decoding,1024,1230,328464,1456,1.7554,91,193.63633333333334,339.9092195333334,100.0,54.333333333333336
FULL,16,1230,1024,Qwen/Qwen3-8B_decoding,1025,1230,346942,1456,1.7558,91,193.15933333333334,339.1491574666667,100.0,54.0
FULL,16,1230,1024,Qwen/Qwen3-8B_decoding,1025,1230,347542,1456,1.7553,91,193.4363333333333,339.53879589999997,100.0,54.0
FULL,16,1230,1024,Qwen/Qwen3-8B_decoding,1025,1230,347560,1456,1.7564,91,193.49655555555555,339.85735017777773,100.0,54.0
FULL,16,1230,1024,Qwen/Qwen3-8B_decoding,1026,1230,347247,1456,1.7562,91,192.63322222222223,338.3024648666667,100.0,54.22222222222222
FULL,16,1230,1024,Qwen/Qwen3-8B_decoding,1026,1230,328212,1456,1.7558,91,193.432,339.62790559999996,100.0,54.0
FULL,16,1230,1024,Qwen/Qwen3-8B_decoding,1026,1230,328409,1456,1.7571,91,193.46522222222222,339.9377419666667,100.0,54.0
FULL,16,1230,1024,Qwen/Qwen3-8B_decoding,1027,1230,346985,1456,1.7564,91,193.25255555555557,339.4287885777778,100.0,54.0
FULL,16,1230,1024,Qwen/Qwen3-8B_decoding,1027,1230,347610,1456,1.756,91,193.457,339.710492,100.0,54.0
FULL,16,1230,1024,Qwen/Qwen3-8B_decoding,1027,1230,347650,1456,1.7573,91,193.37833333333336,339.82374516666675,100.0,54.0
NONE,16,1530,1024,Qwen/Qwen3-8B_prefill,0,1530,1029370,48,2.8061,3,368.63373333333334,1034.4231191066667,100.0,19.0
NONE,16,1530,1024,Qwen/Qwen3-8B_prefill,0,1530,1001261,48,2.8092,3,359.6375333333334,1010.2937586400003,100.0,19.066666666666666
NONE,16,1530,1024,Qwen/Qwen3-8B_prefill,0,1530,938054,48,2.8101,3,334.5066666666666,939.9971839999997,100.0,19.133333333333333
FULL,16,1530,1024,Qwen/Qwen3-8B_decoding,1024,1530,424345,1808,1.7722,113,235.8694444444444,418.0078294444444,100.0,67.0
FULL,16,1530,1024,Qwen/Qwen3-8B_decoding,1024,1530,426093,1808,1.7721,113,237.25344444444443,420.43682889999997,100.0,67.0
FULL,16,1530,1024,Qwen/Qwen3-8B_decoding,1024,1530,426186,1808,1.7716,113,237.40966666666665,420.5949654666667,100.0,67.0
FULL,16,1530,1024,Qwen/Qwen3-8B_decoding,1025,1530,425068,1808,1.7726,113,236.52620000000002,419.26634212000005,100.0,67.0
FULL,16,1530,1024,Qwen/Qwen3-8B_decoding,1025,1530,425728,1808,1.773,113,236.9504,420.1130592,100.0,67.0
FULL,16,1530,1024,Qwen/Qwen3-8B_decoding,1025,1530,426765,1808,1.772,113,236.39739999999998,418.89619279999994,100.0,67.0
FULL,16,1530,1024,Qwen/Qwen3-8B_decoding,1026,1530,424795,1808,1.7729,113,236.7156,419.67308724,100.0,67.0
FULL,16,1530,1024,Qwen/Qwen3-8B_decoding,1026,1530,425911,1808,1.7733,113,236.1006,418.67719397999997,100.0,67.0
FULL,16,1530,1024,Qwen/Qwen3-8B_decoding,1026,1530,426615,1808,1.7729,113,237.30599999999998,420.7198074,100.0,67.0
FULL,16,1530,1024,Qwen/Qwen3-8B_decoding,1027,1530,425229,1808,1.7733,113,236.0438888888889,418.5766281666667,100.0,67.0
FULL,16,1530,1024,Qwen/Qwen3-8B_decoding,1027,1530,426076,1808,1.7734,113,237.04700000000003,420.37914980000005,100.0,67.0
FULL,16,1530,1024,Qwen/Qwen3-8B_decoding,1027,1530,426777,1808,1.7733,113,237.397,420.9761001,100.0,67.0
NONE,16,1830,1024,Qwen/Qwen3-8B_prefill,0,1830,1013112,48,2.3738,3,422.4223076923076,1002.7460739999998,100.0,23.46153846153846
NONE,16,1830,1024,Qwen/Qwen3-8B_prefill,0,1830,1016127,48,2.3731,3,423.4327500000001,1004.8482590250003,100.0,23.0
NONE,16,1830,1024,Qwen/Qwen3-8B_prefill,0,1830,1018652,48,2.3732,3,425.01715384615386,1008.6507095076925,100.0,23.46153846153846
FULL,16,1830,1024,Qwen/Qwen3-8B_decoding,1024,1830,501682,2160,1.8157,135,278.85609999999997,506.31902076999995,100.0,79.0
FULL,16,1830,1024,Qwen/Qwen3-8B_decoding,1024,1830,503369,2160,1.8148,135,280.0804,508.28990992,100.0,79.0
FULL,16,1830,1024,Qwen/Qwen3-8B_decoding,1024,1830,503050,2160,1.8149,135,280.5267,509.12790782999997,100.0,79.0
FULL,16,1830,1024,Qwen/Qwen3-8B_decoding,1025,1830,529469,2160,1.8162,135,278.425,505.67548500000004,100.0,79.0
FULL,16,1830,1024,Qwen/Qwen3-8B_decoding,1025,1830,531451,2160,1.8157,135,279.67060000000004,507.7979084200001,100.0,79.0
FULL,16,1830,1024,Qwen/Qwen3-8B_decoding,1025,1830,531922,2160,1.8156,135,280.3344,508.9751366400001,100.0,79.0
FULL,16,1830,1024,Qwen/Qwen3-8B_decoding,1026,1830,501897,2160,1.816,135,279.2253999999999,507.07332639999987,100.0,79.0
FULL,16,1830,1024,Qwen/Qwen3-8B_decoding,1026,1830,503465,2160,1.816,135,280.1064,508.67322240000004,100.0,79.0
FULL,16,1830,1024,Qwen/Qwen3-8B_decoding,1026,1830,504376,2160,1.8166,135,280.5335,509.6171561,100.0,79.0
FULL,16,1830,1024,Qwen/Qwen3-8B_decoding,1027,1830,501847,2160,1.8164,135,279.23519999999996,507.2028172799999,100.0,79.0
FULL,16,1830,1024,Qwen/Qwen3-8B_decoding,1027,1830,503514,2160,1.8161,135,279.929,508.37905689999997,100.0,79.0
FULL,16,1830,1024,Qwen/Qwen3-8B_decoding,1027,1830,503511,2160,1.8167,135,280.6036,509.7725601199999,100.0,79.0
NONE,16,2130,1024,Qwen/Qwen3-8B_prefill,0,2130,1445035,64,2.7571,4,534.636357142857,1474.045900278571,100.0,27.142857142857142
NONE,16,2130,1024,Qwen/Qwen3-8B_prefill,0,2130,1448635,64,2.7572,4,535.8844285714285,1477.540546457143,100.0,27.0
NONE,16,2130,1024,Qwen/Qwen3-8B_prefill,0,2130,1455020,64,2.757,4,540.5434,1490.2781538000002,100.0,27.0
FULL,16,2130,1024,Qwen/Qwen3-8B_decoding,1024,2130,626980,2512,1.9978,157,313.95681818181816,627.2229313636363,100.0,83.0
FULL,16,2130,1024,Qwen/Qwen3-8B_decoding,1024,2130,593162,2512,2.0002,157,297.0071818181818,594.0737650727272,100.0,83.0
FULL,16,2130,1024,Qwen/Qwen3-8B_decoding,1024,2130,594322,2512,1.9997,157,297.6534545454545,595.2176130545454,100.0,83.0
FULL,16,2130,1024,Qwen/Qwen3-8B_decoding,1025,2130,627133,2512,1.9986,157,313.6496363636363,626.8601632363635,100.0,83.0
FULL,16,2130,1024,Qwen/Qwen3-8B_decoding,1025,2130,592841,2512,2.0011,157,296.8126,593.95169386,100.0,83.0
FULL,16,2130,1024,Qwen/Qwen3-8B_decoding,1025,2130,594089,2512,2.0003,157,297.4083636363636,594.9059497818182,100.0,83.0
FULL,16,2130,1024,Qwen/Qwen3-8B_decoding,1026,2130,626556,2512,1.9995,157,313.9791818181818,627.8013740454545,100.0,83.0
FULL,16,2130,1024,Qwen/Qwen3-8B_decoding,1026,2130,592891,2512,2.0011,157,296.6897272727273,593.7058132454546,100.0,83.0
FULL,16,2130,1024,Qwen/Qwen3-8B_decoding,1026,2130,593359,2512,2.0012,157,297.1061818181818,594.5688910545455,100.0,83.0
FULL,16,2130,1024,Qwen/Qwen3-8B_decoding,1027,2130,658056,2512,1.9997,157,313.83180000000004,627.5694504600001,100.0,83.0
FULL,16,2130,1024,Qwen/Qwen3-8B_decoding,1027,2130,592489,2512,2.0017,157,296.6326363636363,593.7695482090909,100.0,83.0
FULL,16,2130,1024,Qwen/Qwen3-8B_decoding,1027,2130,593243,2512,2.002,157,297.10090909090906,594.7960199999999,100.0,83.0
NONE,16,2430,1024,Qwen/Qwen3-8B_prefill,0,2243,2039766,80,3.3171,5,599.8197647058824,1989.6621415058826,100.0,28.11764705882353
NONE,16,2430,1024,Qwen/Qwen3-8B_prefill,0,2237,1981037,80,3.3234,5,601.9228823529411,2000.4305072117643,100.0,28.0
NONE,16,2430,1024,Qwen/Qwen3-8B_prefill,0,2238,2039697,80,3.3262,5,597.7638235294118,1988.2820298235295,100.0,28.058823529411764
FULL,16,2430,1024,Qwen/Qwen3-8B_decoding,1024,2422,784155,2880,2.2421,180,357.03116666666665,800.4995787833334,100.0,85.0
FULL,16,2430,1024,Qwen/Qwen3-8B_decoding,1024,2422,824530,2880,2.2421,180,358.9218333333333,804.7386425166667,100.0,85.0
FULL,16,2430,1024,Qwen/Qwen3-8B_decoding,1024,2422,791694,2880,2.2421,180,360.25849999999997,807.73558285,100.0,85.0
FULL,16,2430,1024,Qwen/Qwen3-8B_decoding,1025,2422,784075,2880,2.243,180,356.87450000000007,800.4695035000001,100.0,85.0
FULL,16,2430,1024,Qwen/Qwen3-8B_decoding,1025,2422,824172,2880,2.2427,180,358.6525,804.34996175,100.0,85.0
FULL,16,2430,1024,Qwen/Qwen3-8B_decoding,1025,2422,790362,2880,2.2434,180,359.7030833333333,806.9578971499999,100.0,85.0
FULL,16,2430,1024,Qwen/Qwen3-8B_decoding,1026,2422,819714,2880,2.2436,180,356.6278333333333,800.1302068666665,100.0,85.0
FULL,16,2430,1024,Qwen/Qwen3-8B_decoding,1026,2422,787549,2880,2.2435,180,358.4032499999999,804.0776913749997,100.0,85.0
FULL,16,2430,1024,Qwen/Qwen3-8B_decoding,1026,2422,825731,2880,2.2437,180,359.49199999999996,806.5922003999999,100.0,85.0
FULL,16,2430,1024,Qwen/Qwen3-8B_decoding,1027,2422,819497,2880,2.2438,180,356.8114166666667,800.6134567166666,100.0,85.0
FULL,16,2430,1024,Qwen/Qwen3-8B_decoding,1027,2422,787341,2880,2.2437,180,358.36633333333333,804.0665421,100.0,85.0
FULL,16,2430,1024,Qwen/Qwen3-8B_decoding,1027,2422,825308,2880,2.244,180,359.1600833333334,805.9552270000001,100.0,85.0
NONE,16,330,256,Qwen/Qwen3-8B_prefill,0,330,103041,16,1.0328,1,103.00033333333334,106.37874426666667,100.0,3.0
NONE,16,330,256,Qwen/Qwen3-8B_prefill,0,330,101364,16,1.0326,1,100.95049999999999,104.24148629999999,100.0,3.0
NONE,16,330,256,Qwen/Qwen3-8B_prefill,0,330,100730,16,1.0325,1,100.31766666666665,103.57799083333332,100.0,3.0
FULL,16,330,256,Qwen/Qwen3-8B_decoding,256,330,234730,864,1.9424,54,122.96079999999999,238.83905791999996,100.0,26.0
FULL,16,330,256,Qwen/Qwen3-8B_decoding,256,330,233190,864,1.9356,54,122.9512,237.98434272,100.0,26.0
FULL,16,330,256,Qwen/Qwen3-8B_decoding,256,330,231845,864,1.9342,54,122.1487,236.26001554,100.0,26.0
FULL,16,330,256,Qwen/Qwen3-8B_decoding,257,330,246599,864,1.9401,54,123.17572727272727,238.97322848181818,100.0,26.0
FULL,16,330,256,Qwen/Qwen3-8B_decoding,257,330,232775,864,1.9387,54,122.85560000000001,238.18015172000003,100.0,26.0
FULL,16,330,256,Qwen/Qwen3-8B_decoding,257,330,231318,864,1.9364,54,122.17749999999998,236.58451099999996,100.0,26.0
FULL,16,330,256,Qwen/Qwen3-8B_decoding,258,330,246570,864,1.9389,54,123.06645454545456,238.61354871818185,100.0,26.0
FULL,16,330,256,Qwen/Qwen3-8B_decoding,258,330,245023,864,1.9354,54,122.63336363636363,237.34461198181816,100.0,26.0
FULL,16,330,256,Qwen/Qwen3-8B_decoding,258,330,243893,864,1.9353,54,121.71863636363636,235.56207695454546,100.0,26.0
FULL,16,330,256,Qwen/Qwen3-8B_decoding,259,330,245656,864,1.9409,54,123.05499999999999,238.8374495,100.0,26.0
FULL,16,330,256,Qwen/Qwen3-8B_decoding,259,330,244908,864,1.9365,54,122.3146,236.8622229,100.0,26.0
FULL,16,330,256,Qwen/Qwen3-8B_decoding,259,330,243349,864,1.9367,54,121.8549,235.99638483,100.0,26.0
NONE,16,630,256,Qwen/Qwen3-8B_prefill,0,630,247084,48,1.6581,3,145.86844444444444,241.8644677333333,100.0,6.0
NONE,16,630,256,Qwen/Qwen3-8B_prefill,0,630,231861,48,1.6581,3,144.86655555555552,240.2032357666666,100.0,6.0
NONE,16,630,256,Qwen/Qwen3-8B_prefill,0,630,246321,48,1.6581,3,145.44977777777777,241.1702765333333,100.0,6.0
FULL,16,630,256,Qwen/Qwen3-8B_decoding,256,630,351713,1632,2.3232,102,153.30491666666666,356.1579824,100.0,41.0
FULL,16,630,256,Qwen/Qwen3-8B_decoding,256,630,351462,1632,2.3228,102,153.04933333333332,355.50299146666663,100.0,41.0
FULL,16,630,256,Qwen/Qwen3-8B_decoding,256,630,351341,1632,2.3226,102,153.00991666666667,355.38083245,100.0,41.0
FULL,16,630,256,Qwen/Qwen3-8B_decoding,257,630,351718,1632,2.3254,102,153.09899999999996,356.0164145999999,100.0,41.0
FULL,16,630,256,Qwen/Qwen3-8B_decoding,257,630,351409,1632,2.3244,102,152.98499999999999,355.5983339999999,100.0,41.0
FULL,16,630,256,Qwen/Qwen3-8B_decoding,257,630,366114,1632,2.3244,102,152.89033333333336,355.3782908,100.0,41.0
FULL,16,630,256,Qwen/Qwen3-8B_decoding,258,630,351708,1632,2.3255,102,153.15800000000002,356.16892900000005,100.0,41.0
FULL,16,630,256,Qwen/Qwen3-8B_decoding,258,630,366477,1632,2.325,102,153.03316666666663,355.80211249999996,100.0,41.0
FULL,16,630,256,Qwen/Qwen3-8B_decoding,258,630,365602,1632,2.3253,102,152.89200000000002,355.5197676,100.0,41.0
FULL,16,630,256,Qwen/Qwen3-8B_decoding,259,630,351539,1632,2.3264,102,153.1308333333333,356.2435706666666,100.0,41.0
FULL,16,630,256,Qwen/Qwen3-8B_decoding,259,630,366481,1632,2.3256,102,153.09749999999997,356.04354599999994,100.0,41.0
FULL,16,630,256,Qwen/Qwen3-8B_decoding,259,630,351123,1632,2.326,102,152.97841666666667,355.8277971666667,100.0,41.0
NONE,16,930,256,Qwen/Qwen3-8B_prefill,0,930,297131,64,1.5741,4,185.69411111111108,292.3011003,100.0,8.0
NONE,16,930,256,Qwen/Qwen3-8B_prefill,0,930,296934,64,1.5732,4,186.16075,292.8680919,100.0,8.0
NONE,16,930,256,Qwen/Qwen3-8B_prefill,0,930,297415,64,1.5727,4,185.25822222222223,291.3556060888889,100.0,8.0
FULL,16,930,256,Qwen/Qwen3-8B_decoding,256,930,512431,2432,3.1242,152,165.54446666666666,517.19402276,100.0,45.0
FULL,16,930,256,Qwen/Qwen3-8B_decoding,256,930,529022,2432,3.1232,152,165.681,517.4548992000001,100.0,45.0
FULL,16,930,256,Qwen/Qwen3-8B_decoding,256,930,512678,2432,3.1237,152,165.38433333333333,516.6110420333333,100.0,45.0
FULL,16,930,256,Qwen/Qwen3-8B_decoding,257,930,512408,2432,3.1258,152,165.54399999999998,517.4574352,100.0,45.0
FULL,16,930,256,Qwen/Qwen3-8B_decoding,257,930,512351,2432,3.1257,152,165.56133333333335,517.4950596000001,100.0,45.0
FULL,16,930,256,Qwen/Qwen3-8B_decoding,257,930,529204,2432,3.126,152,165.47746666666666,517.2825607999999,100.0,45.0
FULL,16,930,256,Qwen/Qwen3-8B_decoding,258,930,512520,2432,3.1261,152,165.65666666666664,517.8593056666666,100.0,45.0
FULL,16,930,256,Qwen/Qwen3-8B_decoding,258,930,512797,2432,3.127,152,165.64581249999998,517.9744556874999,100.0,45.0
FULL,16,930,256,Qwen/Qwen3-8B_decoding,258,930,529364,2432,3.1261,152,165.5893125,517.6487498062501,100.0,45.0
FULL,16,930,256,Qwen/Qwen3-8B_decoding,259,930,529125,2432,3.1268,152,165.63093333333336,517.8948023466667,100.0,45.0
FULL,16,930,256,Qwen/Qwen3-8B_decoding,259,930,512843,2432,3.127,152,165.552,517.6811039999999,100.0,45.0
FULL,16,930,256,Qwen/Qwen3-8B_decoding,259,930,512947,2432,3.1265,152,165.63793333333334,517.8669985666667,100.0,45.0
NONE,16,1230,256,Qwen/Qwen3-8B_prefill,0,1230,418754,96,1.761,6,246.9953,434.9587233,100.0,13.0
NONE,16,1230,256,Qwen/Qwen3-8B_prefill,0,1230,419011,96,1.7616,6,247.167,435.4093872,100.0,13.0
NONE,16,1230,256,Qwen/Qwen3-8B_prefill,0,1230,419839,96,1.761,6,247.6202222222222,436.0592113333333,100.0,13.0
FULL,16,1230,256,Qwen/Qwen3-8B_decoding,256,1230,341234,1616,1.7811,101,189.8871111111111,338.20793359999993,100.0,53.0
FULL,16,1230,256,Qwen/Qwen3-8B_decoding,256,1230,341302,1616,1.7817,101,189.903,338.3501751,100.0,53.0
FULL,16,1230,256,Qwen/Qwen3-8B_decoding,256,1230,341504,1616,1.7814,101,190.212,338.8436568,100.0,53.0
FULL,16,1230,256,Qwen/Qwen3-8B_decoding,257,1230,340713,1616,1.783,101,189.762,338.345646,100.0,53.0
FULL,16,1230,256,Qwen/Qwen3-8B_decoding,257,1230,341418,1616,1.7834,101,189.84900000000002,338.5767066,100.0,53.0
FULL,16,1230,256,Qwen/Qwen3-8B_decoding,257,1230,341420,1616,1.7829,101,189.90988888888887,338.59034089999994,100.0,53.0
FULL,16,1230,256,Qwen/Qwen3-8B_decoding,258,1230,340901,1616,1.7835,101,188.73288888888888,336.6051073333333,100.0,53.0
FULL,16,1230,256,Qwen/Qwen3-8B_decoding,258,1230,322516,1616,1.7836,101,189.98255555555556,338.8528860888889,100.0,53.0
FULL,16,1230,256,Qwen/Qwen3-8B_decoding,258,1230,341413,1616,1.7835,101,190.07440000000003,338.99769240000006,100.0,53.0
FULL,16,1230,256,Qwen/Qwen3-8B_decoding,259,1230,341110,1616,1.7837,101,189.75822222222223,338.4717409777778,100.0,53.0
FULL,16,1230,256,Qwen/Qwen3-8B_decoding,259,1230,341295,1616,1.7836,101,190.09699999999998,339.0570092,100.0,53.0
FULL,16,1230,256,Qwen/Qwen3-8B_decoding,259,1230,341258,1616,1.7838,101,190.1126,339.12285588,100.0,53.0
NONE,16,1530,256,Qwen/Qwen3-8B_prefill,0,1530,580613,112,1.6582,7,341.59633333333335,566.4350399333333,100.0,16.0
NONE,16,1530,256,Qwen/Qwen3-8B_prefill,0,1530,582258,112,1.6581,7,343.1892222222222,569.0420493666667,100.0,16.22222222222222
NONE,16,1530,256,Qwen/Qwen3-8B_prefill,0,1530,583761,112,1.658,7,343.3694444444444,569.3065388888888,100.0,16.11111111111111
FULL,16,1530,256,Qwen/Qwen3-8B_decoding,256,1530,392979,2000,1.7926,125,230.8091,413.74839266,100.0,65.0
FULL,16,1530,256,Qwen/Qwen3-8B_decoding,256,1530,417285,2000,1.7921,125,232.31400000000002,416.32991940000005,100.0,65.0
FULL,16,1530,256,Qwen/Qwen3-8B_decoding,256,1530,417744,2000,1.7919,125,232.42300000000006,416.4787737000001,100.0,65.0
FULL,16,1530,256,Qwen/Qwen3-8B_decoding,257,1530,415644,2000,1.7939,125,231.52811111111112,415.33827852222225,100.0,65.0
FULL,16,1530,256,Qwen/Qwen3-8B_decoding,257,1530,417307,2000,1.7941,125,231.2,414.79591999999997,100.0,65.0
FULL,16,1530,256,Qwen/Qwen3-8B_decoding,257,1530,417933,2000,1.7939,125,232.62580000000003,417.30742262000007,100.0,65.0
FULL,16,1530,256,Qwen/Qwen3-8B_decoding,258,1530,416627,2000,1.7944,125,230.99450000000002,414.4965308,100.0,65.0
FULL,16,1530,256,Qwen/Qwen3-8B_decoding,258,1530,417197,2000,1.7942,125,232.3211111111111,416.8305375555555,100.0,65.0
FULL,16,1530,256,Qwen/Qwen3-8B_decoding,258,1530,417798,2000,1.7942,125,232.3225,416.8330295,100.0,65.0
FULL,16,1530,256,Qwen/Qwen3-8B_decoding,259,1530,417072,2000,1.7948,125,231.83780000000002,416.10248344,100.0,65.0
FULL,16,1530,256,Qwen/Qwen3-8B_decoding,259,1530,417450,2000,1.7945,125,231.90330000000003,416.15047185000003,100.0,65.0
FULL,16,1530,256,Qwen/Qwen3-8B_decoding,259,1530,418455,2000,1.7945,125,232.8143333333333,417.7853211666666,100.0,65.0
NONE,16,1830,256,Qwen/Qwen3-8B_prefill,0,1830,709857,144,1.7988,9,393.1508,707.19965904,100.0,19.0
NONE,16,1830,256,Qwen/Qwen3-8B_prefill,0,1830,711110,144,1.7996,9,395.614,711.9469544,100.0,19.0
NONE,16,1830,256,Qwen/Qwen3-8B_prefill,0,1830,711646,144,1.7993,9,396.8583,714.0671391899999,100.0,19.5
FULL,16,1830,256,Qwen/Qwen3-8B_decoding,256,1830,495358,2400,1.8285,150,275.6018,503.93789130000005,100.0,77.0
FULL,16,1830,256,Qwen/Qwen3-8B_decoding,256,1830,492585,2400,1.8383,150,274.2504,504.15451032000004,100.0,77.0
FULL,16,1830,256,Qwen/Qwen3-8B_decoding,256,1830,493929,2400,1.8379,150,274.76390000000004,504.9885718100001,100.0,77.0
FULL,16,1830,256,Qwen/Qwen3-8B_decoding,257,1830,495045,2400,1.8302,150,275.6235,504.4461297,100.0,77.0
FULL,16,1830,256,Qwen/Qwen3-8B_decoding,257,1830,493026,2400,1.8402,150,274.1699,504.52744998,100.0,77.0
FULL,16,1830,256,Qwen/Qwen3-8B_decoding,257,1830,493891,2400,1.8394,150,274.8503999999999,505.55982575999985,100.0,77.0
FULL,16,1830,256,Qwen/Qwen3-8B_decoding,258,1830,495895,2400,1.8305,150,275.8306,504.9079133,100.0,77.0
FULL,16,1830,256,Qwen/Qwen3-8B_decoding,258,1830,493135,2400,1.8404,150,274.31239999999997,504.84454095999996,100.0,77.0
FULL,16,1830,256,Qwen/Qwen3-8B_decoding,258,1830,493965,2400,1.8402,150,274.74339999999995,505.5828046799999,100.0,77.0
FULL,16,1830,256,Qwen/Qwen3-8B_decoding,259,1830,495719,2400,1.8308,150,275.9349,505.1816149200001,100.0,77.0
FULL,16,1830,256,Qwen/Qwen3-8B_decoding,259,1830,493235,2400,1.8407,150,274.4751,505.22631657,100.0,77.0
FULL,16,1830,256,Qwen/Qwen3-8B_decoding,259,1830,493867,2400,1.8403,150,274.861,505.8266983,100.0,77.0
NONE,16,2130,256,Qwen/Qwen3-8B_prefill,0,2130,900428,160,1.737,10,499.71399999999994,868.003218,100.0,23.0
NONE,16,2130,256,Qwen/Qwen3-8B_prefill,0,2130,903990,160,1.7364,10,502.48370000000006,872.5126966800001,100.0,23.0
NONE,16,2130,256,Qwen/Qwen3-8B_prefill,0,2130,855443,160,1.7364,10,502.9554,873.3317565599999,100.0,23.0
FULL,16,2130,256,Qwen/Qwen3-8B_decoding,256,2130,665550,2800,2.0201,175,333.19540000000006,673.0880275400001,100.0,81.0
FULL,16,2130,256,Qwen/Qwen3-8B_decoding,256,2130,617305,2800,2.0199,175,309.03645454545455,624.2227345363635,100.0,81.0
FULL,16,2130,256,Qwen/Qwen3-8B_decoding,256,2130,649433,2800,2.0198,175,309.5676363636363,625.2647119272726,100.0,81.0
FULL,16,2130,256,Qwen/Qwen3-8B_decoding,257,2130,665803,2800,2.0222,175,333.3263,674.05244386,100.0,81.0
FULL,16,2130,256,Qwen/Qwen3-8B_decoding,257,2130,616953,2800,2.0223,175,309.0055454545455,624.9019145727274,100.0,81.0
FULL,16,2130,256,Qwen/Qwen3-8B_decoding,257,2130,618126,2800,2.0219,175,309.51772727272726,625.8138927727273,100.0,81.0
FULL,16,2130,256,Qwen/Qwen3-8B_decoding,258,2130,650565,2800,2.0218,175,308.6272,623.98247296,100.0,81.0
FULL,16,2130,256,Qwen/Qwen3-8B_decoding,258,2130,616703,2800,2.0224,175,309.0667272727273,625.0565492363637,100.0,81.0
FULL,16,2130,256,Qwen/Qwen3-8B_decoding,258,2130,617781,2800,2.0227,175,309.45436363636367,625.9333413272727,100.0,81.0
FULL,16,2130,256,Qwen/Qwen3-8B_decoding,259,2130,616115,2800,2.0224,175,308.397909090909,623.7039313454545,100.0,81.0
FULL,16,2130,256,Qwen/Qwen3-8B_decoding,259,2130,648193,2800,2.0228,175,309.00754545454544,625.0604629454546,100.0,81.0
FULL,16,2130,256,Qwen/Qwen3-8B_decoding,259,2130,648987,2800,2.0231,175,309.4472727272727,626.0427774545454,100.0,81.0
NONE,16,2430,256,Qwen/Qwen3-8B_prefill,0,2295,1139834,192,1.9505,12,599.4269,1169.18216845,100.0,24.0
NONE,16,2430,256,Qwen/Qwen3-8B_prefill,0,2283,1140800,192,1.962,12,599.0625000000001,1175.3606250000003,100.0,24.0
NONE,16,2430,256,Qwen/Qwen3-8B_prefill,0,2292,1200718,192,1.954,12,601.9621818181819,1176.2341032727275,100.0,24.0
FULL,16,2430,256,Qwen/Qwen3-8B_decoding,256,2422,768722,3200,2.2514,200,349.95008333333334,787.8776176166666,100.0,83.0
FULL,16,2430,256,Qwen/Qwen3-8B_decoding,256,2422,807205,3200,2.251,200,351.43175,791.07286925,100.0,83.0
FULL,16,2430,256,Qwen/Qwen3-8B_decoding,256,2422,809664,3200,2.2505,200,352.35175,792.967613375,100.0,83.0
FULL,16,2430,256,Qwen/Qwen3-8B_decoding,257,2422,803609,3200,2.2537,200,349.83899999999994,788.4321542999998,100.0,83.0
FULL,16,2430,256,Qwen/Qwen3-8B_decoding,257,2422,806896,3200,2.2531,200,351.28475000000003,791.4796702250001,100.0,83.0
FULL,16,2430,256,Qwen/Qwen3-8B_decoding,257,2422,809319,3200,2.2527,200,352.10325000000006,793.1829912750001,100.0,83.0
FULL,16,2430,256,Qwen/Qwen3-8B_decoding,258,2422,803936,3200,2.254,200,349.93275,788.7484185,100.0,83.0
FULL,16,2430,256,Qwen/Qwen3-8B_decoding,258,2422,772225,3200,2.254,200,351.4034166666667,792.0633011666667,100.0,83.0
FULL,16,2430,256,Qwen/Qwen3-8B_decoding,258,2422,773938,3200,2.2537,200,352.3243333333333,794.0333500333331,100.0,83.0
FULL,16,2430,256,Qwen/Qwen3-8B_decoding,259,2422,769344,3200,2.2547,200,350.23599999999993,789.6771091999999,100.0,83.0
FULL,16,2430,256,Qwen/Qwen3-8B_decoding,259,2422,772363,3200,2.2544,200,351.6009166666667,792.6491065333335,100.0,83.0
FULL,16,2430,256,Qwen/Qwen3-8B_decoding,259,2422,773774,3200,2.2541,200,352.1801666666666,793.8493136833332,100.0,83.0
